{"C":1.00000000000000000000e+00,"N":11,"WCE":1.79769313486231570815e+308,"entropy":5.92906071876545981425e-01,"genvec":[1,4,3,2,5,5,5,5],"s":8,"weight":"READin"}