{"C":1.00000000000000000000e+00,"N":1627,"WCE":1.79769313486231570815e+308,"entropy":9.99999999999999777955e-01,"genvec":[1,667,437,247,577,154,603,572,458,734,608,366,169,278,352,382],"s":16,"weight":"READin"}