{"C":1.00000000000000000000e+00,"N":29,"WCE":1.79769313486231570815e+308,"entropy":1.00000000000000000000e+00,"genvec":[1,12,8,9,6,14,13,11],"s":8,"weight":"READin"}