{"C":1.00000000000000000000e+00,"N":251,"WCE":1.79769313486231570815e+308,"entropy":8.02288637529890880096e-01,"genvec":[1,70,97,55,61,32,119,92,121,90,115,118,113,30,88,109,121,39,121,39,60,26,121,39,65,60,115,26,39,65,121,60],"s":32,"weight":"READin"}