{"C":1.00000000000000000000e+00,"N":1831,"WCE":1.79769313486231570815e+308,"entropy":1.00000000000000000000e+00,"genvec":[1,672,512,328,870,632,558,723],"s":8,"weight":"READin"}