{"C":1.00000000000000000000e+00,"N":1087,"WCE":1.79769313486231570815e+308,"entropy":1.00000000000000000000e+00,"genvec":[1,294,238,404,450,324,511,165],"s":8,"weight":"READin"}