{"C":1.00000000000000000000e+00,"N":151,"WCE":1.79769313486231570815e+308,"entropy":6.90819657619957783190e-01,"genvec":[1,62,56,36,32,47,21,45,68,33,20,49,59,68,33,20,44,49,44,49,68,44,49,68,44,59,49,68,44,59,49,37],"s":32,"weight":"READin"}