{"C":1.00000000000000000000e+00,"N":547,"WCE":1.79769313486231570815e+308,"entropy":7.73652701216014371255e-01,"genvec":[1,209,153,251,96,226,117,224,106,231,94,162,194,261,246,150,239,121,256,66,101,201,213,239,256,66,121,101,105,60,201,68,41,239,159,41,239,213,157,159,256,41,239,213,157,53,158,159,256,41,66,239,72,213,157,53,115,158,256,41,66,239,159,213],"s":64,"weight":"READin"}