{"C":1.00000000000000000000e+00,"N":263,"WCE":1.79769313486231570815e+308,"entropy":5.43654858529509898979e-01,"genvec":[1,109,56,74,36,103,48,91,121,102,20,106,104,92,59,101,30,70,114,30,58,67,31,70,114,30,99,89,50,58,110,67,70,31,70,114,30,99,31,70,30,114,99,31,70,30,114,99,50,31,70,30,114,89,121,99,50,31,70,30,114,89,121,99,50,50,31,50,31,30,70,50,31,30,70,50,31,30,70,114,89,50,31,30,70,114,89,50,31,30,70,114,89,50,31,121,30,70,114,89,50,31,121,51,30,114,70,89,50,99,31,121,51,30,114,89,70,50,99,31,121,51,30,114,89,70,50,99],"s":128,"weight":"READin"}