{"C":1.00000000000000000000e+00,"N":79,"WCE":1.79769313486231570815e+308,"entropy":8.97616790076073867155e-01,"genvec":[1,30,21,18,23,17,24,33,13,31,22,13,12,14,22,31],"s":16,"weight":"READin"}