{"C":1.00000000000000000000e+00,"N":2339,"WCE":1.79769313486231570815e+308,"entropy":1.00000000000000000000e+00,"genvec":[1,967,840,354,513,1098,523,604],"s":8,"weight":"READin"}