{"C":1.00000000000000000000e+00,"N":307,"WCE":1.79769313486231570815e+308,"entropy":6.29746322610241326956e-01,"genvec":[1,119,111,134,82,35,91,58,64,79,42,16,30,43,36,87,146,20,93,66,146,20,93,66,113,149,146,20,93,66,140,32,146,146,149,113,146,149,113,146,20,93,149,113,146,20,93,149,146,113,20,93,149,146,113,20,93,149,146,113,20,93,149,146],"s":64,"weight":"READin"}