{"C":1.00000000000000000000e+00,"N":109,"WCE":1.79769313486231570815e+308,"entropy":1.00000000000000000000e+00,"genvec":[1,45,25,29,49,39,24,33],"s":8,"weight":"READin"}