{"C":1.00000000000000000000e+00,"N":59,"WCE":1.79769313486231570815e+308,"entropy":4.31935951192489120398e-01,"genvec":[1,18,16,14,24,19,10,22,26,12,21,26,12,21,13,12,26,26,26,26,26,21,26,21,26,21,26,21,26,13,21,26,12,21,13,12,21,13,12,21,13,12,21,13,12,21,13,12,21,13,12,21,13,12,21,13,12,21,13,12,21,26,12,13],"s":64,"weight":"READin"}