{"C":1.00000000000000000000e+00,"N":239,"WCE":1.79769313486231570815e+308,"entropy":9.65872263358691030000e-01,"genvec":[1,70,108,97,50,43,73,44,57,32,49,101,109,47,57,113],"s":16,"weight":"READin"}