{"C":1.00000000000000000000e+00,"N":257,"WCE":1.79769313486231570815e+308,"entropy":6.49123336291332675430e-01,"genvec":[1,71,56,97,25,106,60,91,111,109,119,101,38,36,52,113,74,48,74,19,105,48,74,19,105,48,74,111,19,105,48,74,18,18,73,19,111,18,73,19,18,111,19,73,18,111,19,18,73,19,35,18,111,73,19,18,35,109,73,19,111,18,48,105],"s":64,"weight":"READin"}