{"C":1.00000000000000000000e+00,"N":397,"WCE":1.79769313486231570815e+308,"entropy":1.00000000000000000000e+00,"genvec":[1,151,174,180,77,115,110,161],"s":8,"weight":"READin"}