{"C":1.00000000000000000000e+00,"N":3943,"WCE":1.79769313486231570815e+308,"entropy":1.00000000000000000000e+00,"genvec":[1,1628,1100,1595,594,1763,1244,1463],"s":8,"weight":"READin"}