{"C":1.00000000000000000000e+00,"N":41,"WCE":1.79769313486231570815e+308,"entropy":7.96453035938272990713e-01,"genvec":[1,17,15,9,19,6,19,6],"s":8,"weight":"READin"}