{"C":1.00000000000000000000e+00,"N":17,"WCE":1.79769313486231570815e+308,"entropy":1.83214721786984974239e-01,"genvec":[1,7,4,6,8,2,3,5,8,2,3,5,2,8,3,5,8,2,8,2,8,2,8,2,8,2,3,5,8,2,3,5,2,8,3,5,2,8,3,5,2,8,3,5,2,8,3,5,2,8,3,5,2,8,3,5,2,8,3,5,2,8,3,5,2,8,2,8,2,8,2,8,2,8,2,8,2,8,2,8,3,5,2,8,3,5,2,8,3,5,2,8,3,5,2,8,3,5,2,8,3,5,2,8,3,5,2,8,3,5,2,8,3,5,2,8,3,5,2,8,3,5,2,8,3,5,2,8,3,5,3,5,3,5,3,5,3,5,3,5,2,8,3,5,2,8,3,5,2,8,3,5,2,8,3,5,2,8,3,5,2,8,3,5,2,8,3,5,2,8,3,5,2,8,3,5,2,8,3,5,2,8,3,5,2,8,3,5,2,8,3,5,2,8,3,5,2,8,3,5,2,8,3,5,2,8,3,5,2,8,3,5,2,8,3,5,2,8,3,5,2,8,3,5,2,8,3,5,2,8,3,5,2,8,3,5,2,8,3,5,2,8,3,5,2,3,8,5,2,3,8,5,3,2,5,8,3,5,2,8,3,5,2,8,3,5,2,8,3,5,2,8,3,5,2,8,3,5,2,8,3,5,2,8,3,5,2,8,3,5,2,8,3,5,2,8,3,5,2,8,3,5,2,8,3,5,2,8,3,5,2,8,3,5,2,8,3,5,2,8,3,5,2,8,3,5,2,8,3,5,2,8,3,5,2,8,3,5,2,8,3,5,2,8,3,5,2,8,3,5,2,8,3,5,2,8,3,5,2,8,3,5,2,8,3,5,2,8,3,5,2,8,3,5,2,8,3,5,2,8,3,5,2,8,3,5,2,8,3,5,2,8,3,5,2,8,3,5,2,8,3,5,2,8,3,5,2,3,8,5,2,3,8,5,3,2,5,8,3,2,5,8,3,5,2,8,3,5,2,8,3,5,2,8,3,5,2,8,3,5,2,8,3,5,2,8,3,5,2,8,3,5,2,8,3,5,2,8,3,5,2,8,3,5,2,8,3,5,2,8,3,5,2,8,3,5,2,8,3,5,2,8,3,5,2,8,3,5,2,8,3,5,2,8,3,5,2,8,3,5,2,8,3,5,2,8,3,5,2,8,3,5,2,8,2,8,2,8,2,8,2,8,2,8,3,5,2,8,3,5,2,8,3,5,2,8,3,5,2,8,3,5,2,8,3,5,2,8,3,5,2,8,3,5,2,8,3,5,2,8,3,5,2,3,8,5,2,3,8,5,2,3,5,8,3,2,5,8,3,2,5,8,3,5,2,8,3,5,2,8,3,5,2,8,3,5,2,8,3,5,2,8,3,5,2,8,3,5,2,8,3,5,2,8,3,5,2,8,3,5,2,8,3,5,2,8,3,5,2,8,3,5,2,8,3,5,2,8,3,5,2,8,3,5,2,8,3,5,2,8,3,5,2,8,3,5,2,8,3,5,2,8,3,5,2,8,3,5,2,8,3,5,2,8,3,5,2,8,3,5,2,8,3,5,2,8,3,5,2,8,3,5,2,8,3,5,2,8,3,5,2,8,3,5,2,8,3,5,2,8,3,5,2,8,3,5,2,8,3,5,2,8,3,5,2,8,3,5,2,8,3,5,2,8,3,5,2,8,3,5,2,8,3,5,2,8,3,5,2,8,3,5,2,8,3,5,2,8,3,5,2,8,3,5,2,8,3,5,2,8,3,5,2,3,8,5,2,3,8,5,2,3,5,8,3,2,5,8,3,2,5,8,3,5,2,8,3,5,2,8,3,5,2,8,3,5,2,8,3,5,2,8,3,5,2,8,3,5,2,8,3,5,2,8,3,5,2,8,3,5,2,8,3,5,2,8,3,5,2,8,3,5,2,8,3,5,2,8,3,5,2,8,3,5,2,8,3,5,2,8,3,5,2,8,3,5,2,8,3,5,2,8,3,5,2,8,3,5,2,8,3,5,2,8,3,5,2,8,3,5,2,8,3,5,2,8,3,5,2,8,3,5,2,8,3,5,2,8,3,5,2,8,3,5,2,8,3,5,2,8,3,5,2,8,3,5,2,8,3,5,2,8,3,5,2,8,3,5,2,8,3,5,2,8,3,5,2,8,3,5,2,8,3,5,2,8,3,5,2,8,3,5,2,8,3,5,2,8,3,5,2,8,3,5,2,8,3,5,2,8,3,5,2,3,8,5,2,3,8,5,3,2,5,8,3,2,5,8,3,5,2,8,3,5,2,8,3,5,2,8,3,5,2,8,3,5,2,8,3,5,2,8,3,5,2,8,2,8,2,8,2,8,2,8,2,8,2,8,2,8,2,8,3,5,2,8,3,5,2,8,3,5,2,8,3,5,2,8,3,5,2,8,3,5,2,8,3,5,2,8,3,5,2,8,3,5,2,8,3,5,2,8,3,5,2,8,3,5,2,8,3,5,2,3,8,5,2,3,8,5,3,2,5,8,3,2,5,8,3,2,5,8,3,5,2,8,3,5,2,8,3,5,2,8,3,5,2,8,3,5,2,8,3,5,2,8,3,5,2,8,3,5,2,8,3,5,2,8,3,5,2,8,3,5,2,8,3,5,2,8,3,5,2,8,3,5,2,8,3,5,2,8,3,5,2,8,3,5,2,8,3,5,2,8,3,5,2,8,3,5,2,8,3,5,2,8,3,5,2,8,3,5,2,8,3,5,2,8,3,5,2,8,3,5,2,8,3,5,2,8,3,5,2,8,3,5,2,8,3,5,2,8,3,5,2,8,3,5,2,8,3,5,2,8,3,5,2,8,3,5,2,8,3,5,2,8,3,5,2,8,3,5,2,8,3,5,2,8,3,5,2,8,3,5,2,8,3,5,2,8,3,5,2,8,3,5,2,8,3,5,2,8,3,5,2,8,3,5,2,3,8,5,2,3,8,5,2,3,5,8,3,2,5,8,3,2,5,8,3,5,2,8,3,5,2,8,3,5,2,8,3,5,2,8,3,5,2,8,3,5,2,8,3,5,2,8,3,5,2,8,3,5,2,8,3,5,2,8,3,5,2,8,3,5,2,8,3,5,2,8,3,5,2,8,3,5,2,8,3,5,2,8,3,5,2,8,3,5,2,8,3,5,2,8,3,5,2,8,3,5,2,8,3,5,2,8,3,5,2,8,3,5,2,8,3,5,2,8,3,5,2,8,3,5,2,8,3,5,2,8,3,5,2,8,3,5,2,8,3,5,2,8,3,5,2,8,3,5,2,8,3,5,2,8,3,5,2,8,3,5,2,8,3,5,2,8,3,5,2,8,3,5,2,8,3,5,2,8,3,5,2,8,3,5,2,8,3,5,2,8,3,5,2,8,3,5,2,8,3,5,2,8,3,5,2,8,3,5,2,3,8,5,2,3,8,5,2,3,5,8,3,2,5,8,3,2,5,8,3,5,2,8,3,5,2,8,3,5,2,8,3,5,2,8,3,5,2,8,3,5,2,8,3,5,2,8,3,5,2,8,3,5,2,8,3,5,2,8,3,5,2,8,3,5,2,8,3,5,2,8,3,5,2,8,3,5,2,8,3,5,2,8,3,5,2,8,3,5,2,8,3,5,2,8,3,5,2,8,3,5,2,8,3,5,2,8,3,5,2,8,3,5,2,8,3,5,2,8,3,5,2,8,3,5,2,8,3,5,2,8,3,5,2,8,3,5,2,8,3,5,2,8,3,5,2,8,3,5,2,8,3,5,2,8,3,5,2,8,3,5,2,8,3,5,2,8,3,5,2,8,3,5,2,8,3,5,2,8,3,5,2,8,3,5,2,8,3,5,2,8,3,5,2,8,3,5,2,8,3,5,2,8,3,5,2,8,3,5,2,3,8,5,2,3,8,5,3,2,5,8,3,2,5,8,3,5,2,8,3,5,2,8,3,5,2,8,3,5,2,8,3,5,2,8,3,5,2,8,3,5,2,8,3,5,2,8,3,5,2,8,3,5,2,8,3,5,2,8,3,5,2,8,3,5,2,8,3,5,2,8,3,5,2,8,3,5,2,8,3,5,2,8,3,5,2,8,3,5,2,8,3,5,2,8,3,5,2,8,3,5,2,8,3,5,2,8,3,5,2,8,3,5,2,8,3,5,2,8,3,5,2,8,3,5,2,8,3,5,2,8,3,5,2,8,3,5,2,8,3,5,2,8,3,5,2,8,3,5,2,8,3,5,2,8,3,5,2,8,3,5,2,8,3,5,2,8,3,5,2,8,3,5,2,8,3,5,2,8,3,5,2,8,3,5,2,8,3,5,2,8,3,5,2,8,3,5,2,8,3,5,2,8,3,5,2,3,8,5,2,3,8,5,2,3,5,8,3,2,5,8,3,2,5,8,3,5,2,8,3,5,2,8,3,5,2,8,3,5,2,8,3,5,2,8,3,5,2,8,3,5,2,8,3,5,2,8,3,5,2,8,3,5,2,8,3,5,2,8,3,5,2,8,3,5,2,8,3,5,2,8,3,5,2,8,3,5,2,8,3,5,2,8,3,5,2,8,3,5,2,8,3,5,2,8,3,5,2,8,3,5,2,8,3,5,2,8,3,5,2,8,3,5,2,8,3,5,2,8],"s":2048,"weight":"READin"}