{"C":1.00000000000000000000e+00,"N":233,"WCE":1.79769313486231570815e+308,"entropy":1.00000000000000000000e+00,"genvec":[1,89,104,101,84,82,60,98],"s":8,"weight":"READin"}