{"C":1.00000000000000000000e+00,"N":503,"WCE":1.79769313486231570815e+308,"entropy":1.00000000000000000000e+00,"genvec":[1,192,213,93,180,105,141,132],"s":8,"weight":"READin"}