{"C":1.00000000000000000000e+00,"N":29,"WCE":1.79769313486231570815e+308,"entropy":4.14301029495048267481e-01,"genvec":[1,12,8,9,6,14,13,11,7,3,7,3,7,3,7,3,7,3,7,3,7,3,7,3,3,7,3,7,3,7,3,7,13,11,13,11,13,11,3,7,13,11,7,3,13,11,7,3,11,13,7,3,13,11,7,3,13,11,7,3,11,13,14,6],"s":64,"weight":"READin"}