{"C":1.00000000000000000000e+00,"N":29,"WCE":1.79769313486231570815e+308,"entropy":2.60748570535364654344e-01,"genvec":[1,12,8,9,6,14,13,11,7,3,7,3,7,3,7,3,7,3,7,3,7,3,7,3,3,7,3,7,3,7,3,7,13,11,13,11,13,11,3,7,13,11,7,3,13,11,7,3,11,13,7,3,13,11,7,3,13,11,7,3,11,13,14,6,11,13,14,6,11,13,7,3,14,6,11,13,6,14,11,13,7,3,6,14,13,11,7,3,6,14,13,11,7,3,14,6,13,11,7,3,14,6,13,11,7,3,13,11,14,6,11,13,6,14,7,3,13,11,6,14,7,3,13,11,14,6,7,3,13,11,13,11,13,11,14,6,13,11,14,6,13,11,14,6,13,11,14,6,13,11,14,6,13,11,14,6,13,11,14,6,13,11,14,6,7,3,11,13,14,6,7,3,13,11,14,6,7,3,13,11,14,6,13,11,7,3,14,6,13,11,7,3,14,6,13,11,7,3,14,6,13,11,14,6,7,3,13,11,14,6,13,11,7,3,14,6,13,11,7,3,14,6,13,11,7,3,14,6,13,11,7,3,14,6,13,11,14,6,13,11,7,3,14,6,13,11,7,3,13,11,14,6,7,3,13,11,14,6,14,6,14,6,14,6,14,6,14,6,14,6,14,6,7,3,14,6,7,3,13,11,14,6,7,3,13,11,14,6,13,11,7,3,14,6,13,11,14,6,7,3,13,11,14,6,7,3,13,11,14,6,7,3,13,11,14,6,13,11,7,3,14,6,13,11,7,3,14,6,13,11,14,6,7,3,13,11,14,6,13,11,7,3,14,6,13,11,7,3,14,6,13,11,7,3,14,6,13,11,7,3,14,6,13,11,14,6,13,11,7,3,14,6,13,11,7,3,14,6,13,11,7,3,13,11,14,6,7,3,13,11,14,6,7,3,13,11,14,6,13,11,14,6,7,3,11,13,6,14,7,3,13,11,14,6,7,3,11,13,14,6,13,11,7,3,6,14,11,13,7,3,6,14,11,13,14,6,7,3,11,13,6,14,7,3,11,13,6,14,11,13,7,3,14,6,11,13,7,3,6,14,11,13,7,3,6,14,11,13,6,14,7,3,11,13,6,14,11,13,7,3,14,6,11,13,7,3,6,14,11,13,7,3,6,14,11,13,7,3,11,13,14,6,11,13,14,6,7,3,13,11,14,6,7,3,7,3,7,3,7,3,7,3,11,13,7,3,13,11,7,3,6,14,11,13,7,3,14,6,11,13,14,6,7,3,11,13,14,6,7,3,11,13,6,14,11,13,7,3,14,6,11,13,7,3,6,14,13,11,7,3,14,6,11,13,7,3,14,6,11,13,14,6,13,11,7,3,14,6,11,13,7,3,13,11,6,14,7,3,11,13,14,6,7,3,11,13,14,6,13,11,14,6,7,3,11,13,6,14,7,3,11,13,6,14,7,3,11,13,14,6,13,11,7,3,14,6,11,13,7,3,14,6,13,11,14,6,7,3,13,11,14,6,7,3,11,13,6,14,13,11,7,3,6,14,11,13,7,3,14,6,11,13,7,3,6,14,11,13,6,14,7,3,13,11,14,6,11,13,7,3,14,6,11,13,7,3,6,14,13,11,7,3,14,6,13,11,7,3,13,11,6,14,13,11,6,14,7,3,11,13,14,6,7,3,11,13,14,6,7,3,11,13,14,6,7,3,11,13,14,6,11,13,7,3,14,6,11,13,14,6,7,3,13,11,14,6,7,3,11,13,6,14,13,11,7,3,14,6,11,13,7,3,14,6,11,13,7,3,14,6,13,11,6,14,7,3,11,13,6,14,11,13,7,3,14,6,11,13,7,3,14,6,13,11,7,3,14,6,11,13,7,3,14,6,11,13,6,14,11,13,7,3,14,6,13,11,7,3,13,11,14,6,7,3,11,13,6,14,7,3,11,13,14,6,11,13,14,6,7,3,13,11,6,14,7,3,11,13,14,6,7,3,11,13,6,14,7,3,11,13,6,14,11,13,7,3,14,6,13,11,7,3,6,14,11,13,6,14,7,3,11,13,6,14,7,3,11,13,6,14,13,11,7,3,14,6,11,13,7,3,14,6,13,11,7,3,6,14,13,11,6,14,13,11,7,3,6,14,13,11,7,3,14,6,11,13,7,3,6,14,11,13,7,3,13,11,14,6,7,3,11,13,6,14,11,13,14,6,7,3,11,13,14,6,7,3,13,11,14,6,7,3,11,13,6,14,11,13,7,3,14,6,13,11,14,6,7,3,13,11,14,6,7,3,13,11,6,14,7,3,11,13,6,14,11,13,7,3,14,6,13,11,7,3,6,14,13,11,14,6,7,3,13,11],"s":1024,"weight":"READin"}