{"C":1.00000000000000000000e+00,"N":1117,"WCE":1.79769313486231570815e+308,"entropy":9.99999999999999777955e-01,"genvec":[1,468,346,434,329,307,456,210,103,95,198,314,290,414,421,291],"s":16,"weight":"READin"}