{"C":1.00000000000000000000e+00,"N":31,"WCE":1.79769313486231570815e+308,"entropy":3.60000048589025845036e-01,"genvec":[1,12,9,14,8,5,10,8,4,13,4,13,4,2,13,4,13,13,2,13,2,13,2,13,2,5,13,2,5,4,10,13,2,2,2,2,4,2,4,2,10,4,5,2,10,4,5,2,10,4,5,2,4,10,13,5,2,4,10,13,2,5,4,13,10,10,10,10,10,10,10,2,10,2,10,2,10,2,4,13,10,2,5,4,13,10,2,5,4,13,10,2,4,13,5,10,2,4,13,10,2,5,4,13,10,2,5,4,13,10,2,4,13,5,10,2,4,13,10,5,2,4,13,10,2,5,4,13],"s":128,"weight":"READin"}