{"C":1.00000000000000000000e+00,"N":53,"WCE":1.79769313486231570815e+308,"entropy":1.00000000000000000000e+00,"genvec":[1,23,11,12,8,25,5,9],"s":8,"weight":"READin"}