{"C":1.00000000000000000000e+00,"N":163,"WCE":1.79769313486231570815e+308,"entropy":9.31744526717382282044e-01,"genvec":[1,71,44,28,77,20,19,32,12,30,24,52,58,37,12,30],"s":16,"weight":"READin"}