{"C":1.00000000000000000000e+00,"N":17,"WCE":1.79769313486231570815e+308,"entropy":3.04057977056820749606e-01,"genvec":[1,7,4,6,8,2,3,5,8,2,3,5,2,8,3,5,8,2,8,2,8,2,8,2,8,2,3,5,8,2,3,5,2,8,3,5,2,8,3,5,2,8,3,5,2,8,3,5,2,8,3,5,2,8,3,5,2,8,3,5,2,8,3,5,2,8,2,8,2,8,2,8,2,8,2,8,2,8,2,8,3,5,2,8,3,5,2,8,3,5,2,8,3,5,2,8,3,5,2,8,3,5,2,8,3,5,2,8,3,5,2,8,3,5,2,8,3,5,2,8,3,5,2,8,3,5,2,8],"s":128,"weight":"READin"}