{"C":1.00000000000000000000e+00,"N":13,"WCE":1.79769313486231570815e+308,"entropy":3.05860929912474099890e-01,"genvec":[1,5,2,3,4,6,4,6,4,6,4,6,4,6,4,6,4,6,4,6,4,6,4,6,4,6,4,6,4,6,4,6],"s":32,"weight":"READin"}