{"C":1.00000000000000000000e+00,"N":5051,"WCE":1.79769313486231570815e+308,"entropy":1.00000000000000000000e+00,"genvec":[1,1957,1591,2097,1178,2155,1341,1425],"s":8,"weight":"READin"}