{"C":1.00000000000000000000e+00,"N":53,"WCE":1.79769313486231570815e+308,"entropy":6.13862899811314477461e-01,"genvec":[1,23,11,12,8,25,5,9,13,19,17,20,8,25,13,19,25,8,8,25,17,20,8,25,17,20,25,8,17,20,25,8],"s":32,"weight":"READin"}