{"C":1.00000000000000000000e+00,"N":53,"WCE":1.79769313486231570815e+308,"entropy":8.63489053434765119199e-01,"genvec":[1,23,11,12,8,25,5,9,13,19,17,20,8,25,13,19],"s":16,"weight":"READin"}