{"C":1.00000000000000000000e+00,"N":1151,"WCE":1.79769313486231570815e+308,"entropy":1.00000000000000044409e+00,"genvec":[1,482,441,421,528,350,499,361,317,207,358,239,368,125,514,406,399,263,167,402,302,45,160,521,413,273,227,90,347,277,535,542],"s":32,"weight":"READin"}