{"C":1.00000000000000000000e+00,"N":89,"WCE":1.79769313486231570815e+308,"entropy":1.00000000000000000000e+00,"genvec":[1,34,40,25,12,37,33,35],"s":8,"weight":"READin"}