{"C":1.00000000000000000000e+00,"N":521,"WCE":1.79769313486231570815e+308,"entropy":9.99999999999999777955e-01,"genvec":[1,199,140,236,219,63,115,244,247,119,111,102,110,157,64,214],"s":16,"weight":"READin"}