{"C":1.00000000000000000000e+00,"N":349,"WCE":1.79769313486231570815e+308,"entropy":9.99999999999999777955e-01,"genvec":[1,106,144,92,47,64,136,43,40,60,156,85,28,135,42,90],"s":16,"weight":"READin"}