{"C":1.00000000000000000000e+00,"N":853,"WCE":1.79769313486231570815e+308,"entropy":1.00000000000000000000e+00,"genvec":[1,360,348,260,377,182,112,384],"s":8,"weight":"READin"}