{"C":1.00000000000000000000e+00,"N":757,"WCE":1.79769313486231570815e+308,"entropy":9.99999999999999777955e-01,"genvec":[1,314,278,229,196,339,117,133,323,91,122,349,220,99,162,155],"s":16,"weight":"READin"}