{"C":1.00000000000000000000e+00,"N":127,"WCE":1.79769313486231570815e+308,"entropy":3.90063626475716795916e-01,"genvec":[1,35,49,55,28,45,47,50,30,30,53,15,62,30,53,12,31,15,61,31,15,60,61,31,15,61,60,31,15,37,25,61,60,31,60,31,60,31,60,31,60,31,15,60,31,15,60,37,31,15,25,60,37,31,15,25,33,60,37,31,15,25,33,60,37,31,37,31,37,31,61,37,31,61,37,31,61,37,31,15,61,37,25,31,15,61,37,25,31,15,61,25,37,33,31,15,60,61,25,37,31,33,15,60,25,37,61,31,60,33,15,25,37,31,61,60,25,15,33,37,31,61,25,60,15,37,33,31,25,25,60,15,25,60,37,15,25,61,60,33,37,25,15,60,61,37,33,25,31,15,60,61,37,25,31,33,15,60,25,37,31,33,15,61,60,25,37,31,33,15,60,61,25,37,31,15,33,60,25,31,61,37,15,33,60,25,31,37,61,15,25,60,33,31,37,61,25,15,60,31,37,33,25,15,61,31,60,37,33,25,15,31,60,37,61,25,33,31,15,37,60,61,25,33,31,15,37,60,25,61,31,33,37,15,60,25,31,33,37,15,60,61,25,31,37,33,60,15,25,61,31,37,60,25,33,15],"s":256,"weight":"READin"}