{"C":1.00000000000000000000e+00,"N":71,"WCE":1.79769313486231570815e+308,"entropy":5.68183530807957248854e-01,"genvec":[1,27,21,15,31,19,32,12,33,16,33,16,20,6,33,16,20,20,20,20,20,20,6,20,6,20,6,20,6,20,6,16],"s":32,"weight":"READin"}