{"C":1.00000000000000000000e+00,"N":701,"WCE":1.79769313486231570815e+308,"entropy":9.86977478285026132987e-01,"genvec":[1,194,293,221,265,310,105,56,285,206,66,135,249,91,323,86,321,274,246,308,134,130,49,125,307,318,59,185,250,274,209,154],"s":32,"weight":"READin"}