{"C":1.00000000000000000000e+00,"N":191,"WCE":1.79769313486231570815e+308,"entropy":1.00000000000000000000e+00,"genvec":[1,80,34,61,86,54,22,91],"s":8,"weight":"READin"}