{"C":1.00000000000000000000e+00,"N":37,"WCE":1.79769313486231570815e+308,"entropy":5.69661510746833132934e-01,"genvec":[1,10,8,6,14,11,11,14,11,14,15,14,11,14,15,11],"s":16,"weight":"READin"}