{"C":1.00000000000000000000e+00,"N":541,"WCE":1.79769313486231570815e+308,"entropy":9.47909913140103532747e-01,"genvec":[1,165,113,251,140,194,206,85,128,187,172,80,93,200,175,42,233,199,133,75,62,215,158,199,133,233,240,236,68,91,32,62],"s":32,"weight":"READin"}