{"C":1.00000000000000000000e+00,"N":149,"WCE":1.79769313486231570815e+308,"entropy":5.12447678424825192600e-01,"genvec":[1,44,55,36,29,65,52,43,14,14,20,59,20,14,59,48,40,40,40,28,40,28,40,53,28,40,53,28,40,53,28,59,14,14,40,14,40,14,40,14,20,53,40,14,53,20,40,14,53,20,14,40,53,14,20,40,53,14,28,40,53,20,59,14],"s":64,"weight":"READin"}