{"C":1.00000000000000000000e+00,"N":137,"WCE":1.79769313486231570815e+308,"entropy":4.46463760226960049149e-01,"genvec":[1,31,51,37,33,12,30,14,59,9,27,40,9,59,41,10,23,29,54,57,29,23,54,57,23,29,27,40,23,29,27,40,57,54,57,54,57,54,54,57,57,54,57,54,57,54,23,29,27,40,57,54,23,29,27,40,57,54,23,29,27,40,23,29,27,40,27,40,27,40,27,40,57,54,27,40,57,54,27,40,57,54,27,40,57,54,27,40,57,54,27,40,57,54,27,40,57,54,23,29,27,40,57,54,23,29,27,40,23,29,40,27,57,54,23,29,27,40,57,54,23,29,27,40,23,29,27,40],"s":128,"weight":"READin"}