{"C":1.00000000000000000000e+00,"N":113,"WCE":1.79769313486231570815e+308,"entropy":9.31744526717382504089e-01,"genvec":[1,42,24,49,20,52,44,35,11,51,47,18,33,51,9,11],"s":16,"weight":"READin"}