{"C":1.00000000000000000000e+00,"N":331,"WCE":1.79769313486231570815e+308,"entropy":9.12034330820868710532e-01,"genvec":[1,75,136,35,126,129,152,48,107,123,143,46,155,80,26,85,81,20,28,104,81,20,91,28,149,104,94,81,20,93,141,72],"s":32,"weight":"READin"}