{"C":1.00000000000000000000e+00,"N":2411,"WCE":1.79769313486231570815e+308,"entropy":9.99999999999999777955e-01,"genvec":[1,923,1058,870,491,378,1084,1104,749,985,1022,540,237,644,952,266],"s":16,"weight":"READin"}