{"C":1.00000000000000000000e+00,"N":67,"WCE":1.79769313486231570815e+308,"entropy":2.84985984862652697025e-01,"genvec":[1,26,29,14,8,23,10,6,16,16,12,16,12,16,12,21,5,5,16,5,12,16,5,12,16,5,12,16,5,12,16,5,12,12,16,12,16,12,16,12,16,12,16,12,16,12,16,12,16,12,16,5,12,16,5,12,16,5,12,16,5,12,16,5,12,12,12,12,16,12,16,12,16,12,5,16,12,5,16,12,5,16,12,5,16,12,5,16,12,5,16,12,5,16,12,5,16,12,5,16,12,5,16,12,5,16,12,5,16,12,5,16,12,5,16,12,5,16,12,5,16,12,5,16,12,5,16,12],"s":128,"weight":"READin"}