{"C":1.00000000000000000000e+00,"N":31,"WCE":1.79769313486231570815e+308,"entropy":4.38748303278034712527e-01,"genvec":[1,12,9,14,8,5,10,8,4,13,4,13,4,2,13,4,13,13,2,13,2,13,2,13,2,5,13,2,5,4,10,13,2,2,2,2,4,2,4,2,10,4,5,2,10,4,5,2,10,4,5,2,4,10,13,5,2,4,10,13,2,5,4,13],"s":64,"weight":"READin"}