{"C":1.00000000000000000000e+00,"N":127,"WCE":1.79769313486231570815e+308,"entropy":7.63221072384968279856e-01,"genvec":[1,35,49,55,28,45,47,50,30,30,53,15,62,30,53,12,31,15,61,31,15,60,61,31,15,61,60,31,15,37,25,61],"s":32,"weight":"READin"}