{"C":1.00000000000000000000e+00,"N":37,"WCE":1.79769313486231570815e+308,"entropy":5.21496699923236661789e-01,"genvec":[1,10,11,14,6,8,16,2,17,12,15,9,3,13,5,18,4,7,10,6,15,1,8,11,9,17,12,7,2,16,3,18,4,5,13,14,15,10,6,1,8,11,9,17,12,14,4,18,5,3,13,7,8,1,10,6,11,2,16,9,15,17,12,14,4,18,5,3,13,7,8,1,10,6,11,15,16,2,14,18,4,3,12,10,9,5,13,15,17,16,1,6,4,7,9,8,11,2,14,17,12,18,5,3,13,7,8,1,10,6,11,16,14,2,15,9,4,17,12,18,5,3,13,7,8,1,10,6,15,16,4,11,9,2,14,18,12,5,17,15,16,3,13,4,10,18,7,2,11,6,14,8,1,9,12,5,17,15,16,3,13,4,10,18,7,2,11,6,14,8,1,9,12,5,17,15,16,3,13,4,10,18,7,2,11,6,14,8,1,9,12,5,17,15,16,3,13,4,10,18,7,2,11,6,14,8,1,9,5,12,17,15,16,3,13,4,10,18,7,2,11,6,14,8,1,9,5,12,17,15,16,3,13,4,10,18,7,2,11,6,14,8,1,9,5,12,17,15,16,3,13,4,10,18,7,2],"s":256,"weight":"READin"}