{"C":1.00000000000000000000e+00,"N":29,"WCE":1.79769313486231570815e+308,"entropy":9.65872263358691141022e-01,"genvec":[1,12,8,9,6,14,4,13,5,7,3,2,11,10,12,1],"s":16,"weight":"READin"}