{"C":1.00000000000000000000e+00,"N":89,"WCE":1.79769313486231570815e+308,"entropy":7.78696191159735984222e-01,"genvec":[1,34,25,40,12,33,35,37,21,24,2,28,32,15,23,27,17,10,6,11,13,9,4,41,19,29,42,44,39,18,7,8,3,38,20,26,30,14,16,36,43,5,31,22,34,12,33,2,25,24,40,26,35,1,28,21,10,6,16,17,31,37,11,43,14,38,9,4,30,32,36,41,22,5,13,27,20,3,8,19,29,7,44,23,15,18,39,42,12,34,33,25,2,9,13,41,30,19,22,4,5,43,14,36,20,27,24,32,1,26,3,8,11,29,38,42,7,18,23,15,34,39,40,35,28,12,10,16],"s":128,"weight":"READin"}