{"C":1.00000000000000000000e+00,"N":617,"WCE":1.79769313486231570815e+308,"entropy":1.00000000000000000000e+00,"genvec":[1,253,229,278,164,92,131,294],"s":8,"weight":"READin"}