{"C":1.00000000000000000000e+00,"N":1787,"WCE":1.79769313486231570815e+308,"entropy":1.00000000000000000000e+00,"genvec":[1,660,750,809,497,209,775,830],"s":8,"weight":"READin"}