{"C":1.00000000000000000000e+00,"N":1777,"WCE":1.79769313486231570815e+308,"entropy":9.99999999999999777955e-01,"genvec":[1,687,775,659,726,675,796,281,542,678,627,349,371,379,434,694],"s":16,"weight":"READin"}