{"C":1.00000000000000000000e+00,"N":223,"WCE":1.79769313486231570815e+308,"entropy":1.00000000000000044409e+00,"genvec":[1,82,68,86,107,50,93,12,109,22,21,39,32,81,15,14,33,40,88,77,55,70,29,46,48,18,26,75,49,102,53,62],"s":32,"weight":"READin"}