{"C":1.00000000000000000000e+00,"N":5189,"WCE":1.79769313486231570815e+308,"entropy":1.00000000000000000000e+00,"genvec":[1,2141,2200,1226,1534,896,2051,2116],"s":8,"weight":"READin"}