{"C":1.00000000000000000000e+00,"N":673,"WCE":1.79769313486231570815e+308,"entropy":1.00000000000000066613e+00,"genvec":[1,282,255,264,183,151,73,131,175,144,156,179,114,159,42,181,20,258,165,95,188,299,138,91,62,29,32,118,90,81,68,77,216,189,172,304,277,274,170,263,335,22,283,279,155,70,193,142,286,278,12,199,229,227,206,327,153,33,135,233,334,23,89,112],"s":64,"weight":"READin"}