{"C":1.00000000000000000000e+00,"N":5119,"WCE":1.79769313486231570815e+308,"entropy":9.99999999999999777955e-01,"genvec":[1,1496,1984,1958,2216,1167,1912,1540,253,829,1612,2313,202,2188,765,693],"s":16,"weight":"READin"}