{"C":1.00000000000000000000e+00,"N":631,"WCE":1.79769313486231570815e+308,"entropy":1.00000000000000044409e+00,"genvec":[1,240,171,185,191,117,131,219,243,268,164,293,32,269,161,28,18,281,260,305,310,86,216,202,226,276,291,154,35,253,283,55],"s":32,"weight":"READin"}