{"C":1.00000000000000000000e+00,"N":211,"WCE":1.79769313486231570815e+308,"entropy":9.99999999999999777955e-01,"genvec":[1,89,64,87,82,27,40,28,44,93,95,39,36,73,52,17],"s":16,"weight":"READin"}