{"C":1.00000000000000000000e+00,"N":13,"WCE":1.79769313486231570815e+308,"entropy":2.87244050070862788626e-01,"genvec":[1,5,3,2,6,4,5,1,3,4,6,2,6,4,3,1,5,2,6,5,1,4,3,2,6,5,1,4,3,2,6,5,1,4,3,2,6,5,1,4,3,2,6,5,1,4,3,2,6,5,1,4,3,2,6,5,1,4,3,2,6,5,1,4,3,2,6,5,1,2,3,4,6,5,1,2,3,4,6,5,1,4,3,2,6,5,1,4,3,2,6,5,1,4,3,2,6,5,1,4,3,2,6,5,1,4,3,2,6,5,1,4,3,2,6,5,1,4,3,2,6,5,1,4,3,2,6,5,1,4,3,2,6,1,5,4,3,2,6,1,5,4,3,2,6,1,5,4,3,2,6,1,5,4,3,2,6,1,5,4,3,2,6,1,5,4,3,2,6,1,5,4,3,2,6,1,5,4,3,2,6,1,5,4,3,2,6,1,5,4,3,2,6,1,5,4,3,2,6,1,5,4,3,2,6,1,5,4,3,2,6,1,5,4,3,2,6,1,5,4,3,2,6,1,5,4,3,2,6,1,5,4,3,2,6,1,5,4,3,2,6,1,5,4,3,2,6,1,5,4,3,2,6,1,5,4,3,2,6,3,2,1,5,6,4,3,2,1,5,6,4,3,2,1,5,4,6,3,2,1,5,4,6,3,2,1,5,6,4,3,2,1,5,4,6,3,2,1,5,4,6,3,2,1,5,4,6,3,2,1,5,6,4,3,2,1,5,4,6,3,2,1,5,6,4,3,2,1,5,4,6,3,2,1,5,4,6,3,2,1,5,4,6,3,2,1,5,4,6,3,2,1,5,4,6,3,2,1,5,4,6,3,2,1,5,4,6,3,2,1,5,4,6,3,2,1,5,4,6,3,2,1,5,4,6,3,2,1,5,4,6,2,3,1,5,4,6,3,2,1,5,4,3,6,2,1,5,2,4,3,6,1,5,4,3,1,2,6,5,4,6,1,3,2,4,5,2,3,1,6,5,1,2,3,4,6,5,1,1,2,3,4,2,6,4,4,5,5,1,3,2,6,3,1,1,1,5,2,6,2,2,3,4,4,4,6,4,1,1,2,2,4,1,4,4,5,5,5,1,2,5,5,5,5,1,1,1,1,1,2,2,2,2,4,4,4,4,5,1,2,3,3,3,3,3,3,6,6,6,6,6,1],"s":512,"weight":"READin"}