{"C":1.00000000000000000000e+00,"N":257,"WCE":1.79769313486231570815e+308,"entropy":9.99999999999997335465e-01,"genvec":[1,71,56,116,40,92,106,21,12,39,113,38,22,52,87,30,32,27,69,37,65,14,17,18,123,5,100,102,99,70,108,125,77,8,86,124,122,63,105,75,55,121,89,98,81,23,114,48,82,3,112,74,80,64,94,73,2,31,95,115,45,120,58,43,101,118,72,13,68,49,19,20,91,84,7,76,44,127,78,50,33,126,51,24,111,28,36,46,34,62,11,104,60,59,29,109,42,90,16,93,10,119,54,83,6,117,61,128,110,25,88,26,97,15,85,96,9,41,53,66,57,35,103,107,79,67,47,4],"s":128,"weight":"READin"}