{"C":1.00000000000000000000e+00,"N":79,"WCE":1.79769313486231570815e+308,"entropy":1.00000000000000044409e+00,"genvec":[1,29,30,31,23,9,37,4,13,38,7,11,6,20,32,25,28,35,36,34,26,8,5,19,24,2,3,21,33,18,17,10],"s":32,"weight":"READin"}