{"C":1.00000000000000000000e+00,"N":37,"WCE":1.79769313486231570815e+308,"entropy":4.63302046505240594509e-01,"genvec":[1,10,11,14,6,8,16,2,17,12,15,9,3,13,5,18,4,7,10,6,15,1,8,11,9,17,12,7,2,16,3,18,4,5,13,14,15,10,6,1,8,11,9,17,12,14,4,18,5,3,13,7,8,1,10,6,11,2,16,9,15,17,12,14,4,18,5,3,13,7,8,1,10,6,11,15,16,2,14,18,4,3,12,10,9,5,13,15,17,16,1,6,4,7,9,8,11,2,14,17,12,18,5,3,13,7,8,1,10,6,11,16,14,2,15,9,4,17,12,18,5,3,13,7,8,1,10,6,15,16,4,11,9,2,14,18,12,5,17,15,16,3,13,4,10,18,7,2,11,6,14,8,1,9,12,5,17,15,16,3,13,4,10,18,7,2,11,6,14,8,1,9,12,5,17,15,16,3,13,4,10,18,7,2,11,6,14,8,1,9,12,5,17,15,16,3,13,4,10,18,7,2,11,6,14,8,1,9,5,12,17,15,16,3,13,4,10,18,7,2,11,6,14,8,1,9,5,12,17,15,16,3,13,4,10,18,7,2,11,6,14,8,1,9,5,12,17,15,16,3,13,4,10,18,7,2,11,6,14,8,1,9,12,15,17,16,11,3,5,13,14,6,1,8,10,9,4,15,12,2,17,16,7,18,11,3,5,13,14,6,1,8,10,9,4,15,12,2,17,16,7,18,11,3,5,13,14,6,1,8,10,9,4,15,12,2,17,16,7,18,11,3,5,13,14,6,1,8,10,9,4,15,12,2,17,16,7,18,11,3,5,13,14,6,1,8,10,9,4,15,12,2,17,16,7,18,11,3,5,13,14,6,1,8,10,9,4,15,12,2,17,16,7,18,13,3,5,11,14,6,1,8,10,9,4,15,12,2,17,16,7,18,3,13,5,11,14,6,1,8,10,4,9,15,12,2,17,16,7,18,5,3,13,11,14,6,1,8,10,4,9,12,15,2,17,16,7,18,5,3,13,11,14,1,6,8,10,4,9,15,12,2,16,17,7,3,18,5,13,4,6,11,14,1,10,8,15,9,2,16,12,17,7,3,5,13,18,11,1,14,6,8,10,1,2,9,4,15,8,16,17,12,7,5,2,4,5,10,1,17,11,6,9,8,16,17,3,13,14,3,1,2,4,8,16,5,10,1,10,17,3,4],"s":512,"weight":"READin"}