{"C":1.00000000000000000000e+00,"N":11,"WCE":1.79769313486231570815e+308,"entropy":3.32202773797062922423e-01,"genvec":[1,4,3,2,5,4,5,1,3,2,4,3,1,5,4,2,3,1,2,5,4,3,1,2,5,4,3,1,2,5,4,3,1,2,5,4,3,1,2,5,4,3,1,2,5,4,3,1,2,5,4,3,1,2,5,4,3,1,2,5,4,3,1,2,5,4,3,1,2,5,4,3,1,2,5,4,3,1,2,5,4,3,1,2,5,4,3,1,2,5,4,3,1,2,5,4,3,1,2,5,4,3,1,2,5,4,3,1,2,5,4,3,1,2,5,4,3,1,2,5,4,3,1,2,5,4,3,1],"s":128,"weight":"READin"}