{"C":1.00000000000000000000e+00,"N":5,"WCE":1.79769313486231570815e+308,"entropy":2.01697547975773439077e-01,"genvec":[1,2,2,1,2,1,2,1,2,1,2,1,2,1,2,1,2,1,2,1,2,1,2,1,2,1,2,1,2,1,2,1],"s":32,"weight":"READin"}