{"C":1.00000000000000000000e+00,"N":15073,"WCE":1.79769313486231570815e+308,"entropy":1.00000000000000000000e+00,"genvec":[1,5821,6655,3268,2282,5175,4150,3507],"s":8,"weight":"READin"}