{"C":1.00000000000000000000e+00,"N":11,"WCE":1.79769313486231570815e+308,"entropy":3.88275529335051161617e-01,"genvec":[1,4,3,2,5,4,5,1,3,2,4,3,1,5,4,2,3,1,2,5,4,3,1,2,5,4,3,1,2,5,4,3,1,2,5,4,3,1,2,5,4,3,1,2,5,4,3,1,2,5,4,3,1,2,5,4,3,1,2,5,4,3,1,2],"s":64,"weight":"READin"}