{"C":1.00000000000000000000e+00,"N":223,"WCE":1.79769313486231570815e+308,"entropy":1.00000000000000000000e+00,"genvec":[1,82,68,86,107,50,93,12],"s":8,"weight":"READin"}