{"C":1.00000000000000000000e+00,"N":29,"WCE":1.79769313486231570815e+308,"entropy":7.63871322511509243114e-01,"genvec":[1,12,8,9,6,14,4,13,5,7,3,2,11,10,12,1,8,14,6,9,3,7,4,5,2,13,11,10,6,14,8,1],"s":32,"weight":"READin"}