{"C":1.00000000000000000000e+00,"N":83,"WCE":1.79769313486231570815e+308,"entropy":8.83155430672259211811e-01,"genvec":[1,30,36,32,40,27,24,5,21,33,4,14,9,34,26,6,22,38,29,23,8,10,41,35,28,3,18,17,19,11,20,2,30,25,13,7,12,31,16,37,39,15,27,41,4,40,36,5,16,7,24,1,23,31,29,33,13,22,6,9,15,14,8,10],"s":64,"weight":"READin"}