{"C":1.00000000000000000000e+00,"N":97,"WCE":1.79769313486231570815e+308,"entropy":6.97798830263105851479e-01,"genvec":[1,36,21,41,35,20,6,22,29,16,45,23,19,5,9,33,24,14,4,43,17,13,47,30,8,7,39,11,12,46,32,38,25,2,42,40,15,27,44,48,28,10,18,31,3,26,34,37,35,20,21,1,36,45,16,28,29,22,6,23,47,4,26,27,30,17,33,19,18,24,10,14,15,42,43,34,44,48,40,31,13,3,37,8,38,5,41,2,25,32,9,7,39,46,11,12,35,20,21,48,15,18,17,13,14,33,10,25,19,8,43,3,44,37,1,34,45,41,31,42,36,40,2,24,27,30,38,46,32,4,9,29,26,47,28,16,6,5,7,22,39,23,12,11,20,35,13,48,18,32,21,15,4,17,14,47,23,9,10,26,11,39,16,6,31,24,7,5,38,44,43,2,29,41,40,36,37,3,42,8,28,34,27,1,25,30,33,19,12,45,22,46,20,35,13,48,18,32,21,15,4,17,14,47,23,9,10,26,11,39,16,6,31,24,7,5,38,43,2,44,29,41,40,36,37,3,42,8,28,34,27,1,25,30,33,19,12,45,22,46,20,35,13,48,18,32,21,15,4,17,14,47,23,9,10,26],"s":256,"weight":"READin"}