{"C":1.00000000000000000000e+00,"N":73,"WCE":1.79769313486231570815e+308,"entropy":9.99999999999999777955e-01,"genvec":[1,27,13,14,10,16,6,22,4,35,33,15,9,25,34,21],"s":16,"weight":"READin"}