{"C":1.00000000000000000000e+00,"N":1831,"WCE":1.79769313486231570815e+308,"entropy":1.00000000000000044409e+00,"genvec":[1,672,535,714,326,248,352,172,551,742,689,273,376,757,418,893,503,881,573,697,187,36,384,683,269,851,235,325,482,400,832,73],"s":32,"weight":"READin"}