{"C":1.00000000000000000000e+00,"N":233,"WCE":1.79769313486231570815e+308,"entropy":1.00000000000000066613e+00,"genvec":[1,89,64,44,104,56,98,40,19,30,17,35,77,115,86,96,53,31,103,102,4,110,18,42,33,5,46,71,67,94,7,69,39,85,24,87,50,58,108,16,26,11,62,68,38,6,75,28,105,9,37,70,88,72,80,15,81,106,65,82,52,92,111,2],"s":64,"weight":"READin"}