{"C":1.00000000000000000000e+00,"N":31,"WCE":1.79769313486231570815e+308,"entropy":5.58673249275320249474e-01,"genvec":[1,12,13,14,4,10,6,8,11,5,2,9,7,15,3,10,4,13,12,1,11,2,5,14,9,6,8,7,1,5,3,11,4,12,15,13,2,10,14,9,6,8,12,15,10,2,3,13,7,11,4,1,14,9,5,6,8,12,15,10,2,3,13,7,11,4,9,1,14,5,6,8,2,7,15,11,13,12,3,10,4,9,1,14,5,6,8,2,7,13,15,11,12,3,10,4,1,9,14,5,6,8,2,7,13,15,11,12,3,10,4,1,9,14,5,6,8,2,7,13,15,11,12,3,10,4,1,9],"s":128,"weight":"READin"}