{"C":1.00000000000000000000e+00,"N":29,"WCE":1.79769313486231570815e+308,"entropy":6.34510157141236486034e-01,"genvec":[1,12,8,9,6,14,4,13,5,7,3,2,11,10,12,1,8,14,6,9,3,7,4,5,2,13,11,10,6,14,8,1,12,9,3,7,4,5,2,13,11,3,7,5,2,10,4,14,6,8,9,1,12,13,11,3,5,7,2,10,4,14,6,8],"s":64,"weight":"READin"}