{"C":1.00000000000000000000e+00,"N":647,"WCE":1.79769313486231570815e+308,"entropy":8.57116308930704673408e-01,"genvec":[1,268,174,256,105,55,273,285,197,209,137,48,133,143,132,297,247,113,292,62,52,161,180,69,304,300,83,51,151,147,40,89,79,246,109,238,254,136,221,25,36,41,193,74,145,118,307,295,97,240,182,84,319,159,276,281,163,265,127,288,198,313,78,205,206,28,204,61,189,30,86,262,126,231,203,291,308,192,73,201,10,306,282,190,196,179,311,88,81,115,130,18,93,140,235,228,214,200,22,75,241,92,211,164,293,103,217,33,123,60,26,237,34,141,283,59,43,106,289,195,8,309,50,243,38,269,316,303,119,85,124,232,258,117,279,167,277,63,207,112,42,204,47,9,320,139,12,192,116,317,272,28,44,120,155,45,231,107,19,213,114,291,306,98,104,31,32,220,68,158,61,275,10,119,100,302,278,191,73,85,245,189,258,94,154,215,70,90,102,72,117,279,126,176,130,244,156,227,321,199,13,115,92,194,56,18,15,190,124,152,22,116,79,167,57,311,74,186,263,320,33,155,196,12,272,211,290,42,203,318,140,201,214,226,213,206,86,153,120,9,262,232,277,138,32,104,82,251,75,144,228,283,63,204,59,207,47,192,179,19,171,112,260,61,100,230,218,308,141,106,193,298,237,278,309,163,243,188,28,241,80,6,45,291,177,231,258,108,85,99,98,10,148,166,317,68,212,295,107,189,73,44,139,178,194,117,81,92,158,238,199,145,302,192,90,156,154,261,19,215,202,37,124,170,200,245,190,220,8,282,218,70,309,61,30,320,130,303,152,42,179,115,102,119,244,112,94,97,195,185,198,13,79,164,114,12,28,149,258,227,294,321,16,308,241,100,108,167,312,155,136,217,88,237,177,15,126,141,186,260,39,106,311,278,72,233,189,148,33,263,232,230,306,81,45,171,75,279,98,289,34,188,123,6,73,19,22,206,163,122,298,140,213,26,80,267,231,99,176,214,202,9,211,118,124,60,85,192,166,309,201,47,138,178,10,191,159,145,86,261,109,284,226,272,92,32,302,317,199,18,139,194,56,117,303,288,236,37,250,104,63,107,320,68,196,31,212,76,242,120,50,290,258,318,42,245,215,184,17,158,295,116,155,70,243,90,93,235,220,203,260,108,156,169,114,141,8,237,153,170,276,293,28,195,167,218,97,311,164,115,152,190],"s":512,"weight":"READin"}