{"C":1.00000000000000000000e+00,"N":73,"WCE":1.79769313486231570815e+308,"entropy":1.00000000000000000000e+00,"genvec":[1,27,14,26,6,22,10,16],"s":8,"weight":"READin"}