{"C":1.00000000000000000000e+00,"N":191,"WCE":1.79769313486231570815e+308,"entropy":7.61759548212124104616e-01,"genvec":[1,80,34,61,86,54,22,14,91,30,39,12,46,33,70,72,88,57,81,56,50,73,58,78,5,85,52,32,94,60,74,51,67,90,41,9,63,24,93,55,76,6,23,59,15,16,20,25,26,42,62,92,38,90,53,41,48,56,87,9,10,21,71,58,6,47,57,4,55,93,63,59,13,27,15,76,25,67,73,16,6,36,23,77,47,82,78,93,4,79,24,55,63,13,92,62,88,83,38,87,20,74,90,42,27,59,53,94,15,52,16,57,51,18,76,81,28,24,21,25,43,71,41,26,66,4,58,47,10,23,32,6,93,11,77,56,63,92,73,9,36,62,35,29,13,20,90,74,48,44,7,32,15,82,23,6,38,67,93,79,78,42,55,53,63,36,73,77,50,87,10,51,92,9,71,83,56,48,76,85,4,29,94,11,62,13,15,35,41,74,16,59,20,6,42,27,44,57,55,7,93,90,25,63,89,23,32,43,36,87,38,79,58,71,26,73,94,82,10,4,77,53,48,66,9,78,21,19,28,15,62,6,83,51,60,81,41,92,44,24,16,13,84,18,74,47,93,90,76,52,63,56,20,85,67,25],"s":256,"weight":"READin"}