{"C":1.00000000000000000000e+00,"N":293,"WCE":1.79769313486231570815e+308,"entropy":9.99999999999999777955e-01,"genvec":[1,123,81,70,113,103,115,128,107,139,78,61,24,125,75,66],"s":16,"weight":"READin"}