{"C":1.00000000000000000000e+00,"N":47,"WCE":1.79769313486231570815e+308,"entropy":8.82797304565232421325e-01,"genvec":[1,13,11,10,6,4,9,15,7,14,16,22,23,7,8,19,5,3,21,12,6,18,16,2,5,14,17,3,20,12,21,8],"s":32,"weight":"READin"}