{"C":1.00000000000000000000e+00,"N":7019,"WCE":1.79769313486231570815e+308,"entropy":1.00000000000000000000e+00,"genvec":[1,2666,1492,1610,3165,2603,1910,1878],"s":8,"weight":"READin"}