{"C":1.00000000000000000000e+00,"N":43,"WCE":1.79769313486231570815e+308,"entropy":3.63604971536685694922e-01,"genvec":[1,12,9,10,15,8,18,21,14,16,4,20,6,13,5,7,3,19,16,2,17,11,15,4,20,14,6,8,13,19,11,3,2,17,16,14,2,17,7,5,20,6,4,11,19,13,3,7,16,2,17,19,11,14,20,5,13,3,4,7,2,11,6,17,15,8,5,19,16,7,3,15,18,8,20,14,21,2,19,13,16,6,5,4,18,17,11,3,14,7,2,20,19,13,16,21,5,4,3,17,11,7,15,6,8,2,19,18,20,13,5,21,14,17,3,11,4,6,7,16,2,19,15,18,20,17,5,8,21,14,3,11,13,2,7,6,4,11,19,3,14,16,13,21,18,2,5,17,3,7,19,4,20,16,13,6,11,14,2,5,17,21,18,3,19,15,8,7,20,2,11,13,6,16,4,5,17,14,21,3,18,19,2,7,17,11,5,4,20,6,15,16,14,3,13,21,8,19,18,2,7,17,11,5,20,4,6,14,13,16,3,19,21,2,7,17,5,11,18,3,4,15,8,20,19,6,13,7,16,2,17,21,14,5,11,3,18,4,19,17,2,20,7,16,15,6,13,11,5,3,14,8,21,18,2,19,17,20,4,7,13,6,16,5,17,11,3,14,4,20,7,2,19,21,13,6,5,17,11,18,3,8,15,2,16,7,20,19,13,21,4,14,6,5,17,11,3,18,2,19,16,7,20,15,4,17,21,5,6,14,11,8,3,13,18,2,19,17,7,16,20,5,4,3,11,14,2,13,21,6,19,18,17,15,16,7,20,4,5,3,11,2,8,14,17,6,21,19,13,18,5,7,3,2,11,4,17,14,16,20,19,15,6,21,8,18,5,13,3,7,2,11,17,19,20,4,16,7,3,13,5,2,14,21,6,11,17,19,18,15,8,20,4,16,7,3,5,2,13,21,14,6,17,11,19,18,3,4,5,7,2,16,20,13,14,11,17,6,19,21,15,8,18,3,2,5,17,7,4,20,16,19,11,13,6,14,21,2,3,5,18,17,8,15,7,20,4,11,19,6,16,13,2,14,3,21,5,17,18,7,4,19,11,20,15,3,16,2,17,5,7,6,21,13,8,14,18,19,2,20,11,3,4,5,17,16,14,6,21,13,7,19,2,3,11,17,5,4,18,15,20,8,6,21,14,16,13,19,2,7,3,11,17,5,18,4,20,17,5,2,7,13,16,19,3,18,15,4,21,6,17,14,11,8,20,5,2,7,19,3,13,16,18,2,20,11,17,6,14,4,5,21,15,19,7,8,3,17,11,6,13,18,2,5,16,20,14,4,21,19,3,7,17,11,2,13,5,6,8,18,15,20,16,19,21,4,7,3,17,14,2,11,5,13,6,18,19,16,20,4,7,3,17,15,21,2,19,11,14,8,13,3,5,18,17,2,16,7,6,20,21,4,5,14,11,17,3,19,13,2,7,16,6,15,18,20,4,19,21,8,5,11,17,14,3,2,13,7,6,16,18,20,19,4,15,21,5,17,11,3,2,14,8,7,13,6,5,11,17,4,3,19,18,21,16,20,2,14,13,7,5,3,17,11,4,19,6,15,18,16,2,20,21,8,14,5,17,7,3,2,19,11,13,6,18,4,20,16,15,21,19,17,7,3,5,2,11,14,13,8,6,18,20,4,5,21,17,7,16,3,19,2,13,14,11,6,17,4,5,7,3,11,2,19,15,20,18,16,8,21,13,14,6,17,5,2,7,3,4,19,11,20,18,16,15,17,21,19,2,3,7,13,5,8,14,6,11,4,20,18,17,16,21,2,19,3,13,7,5,14,6,4,11,17,15,20,18,16,2,19,3,21,5,8,7,13,6,14,17,11,4,3,5,2,18,20,19,16,13,7,21,15,17,2,3,11,19,8,14,6,4,5,18,20,21,17,16,7,2,13,3,19,11,14,4,5,6,17,7,20,15,16,18,2,21,8,3,13,19,11,5,14,6,17,4,7,20,2,11,18,3,5,13,16,19,21,15,17,4,6,14,8,7,20,2,11,3,5,18,17,19,21,13,16,2,7,3,14,4,6,5,11,17,19,20,15,18,8,21,2,13,16,3,7,19,6,4,14,17,11,5,20,2,18,13,16,3,21,7,19,15,4,17,6,11,5,14,2,20,8,18,3,13,21,16,19,7,17,2,5,6,11,14,4,20,18,15,8,3,21,17,5,7,2,19,13,16,6,11,20,14,4,3,17,5,7,2,11,19,13,18,16,3,21,15,4,17,6,14,5,8,20,7,2,19,11,18,13,3,21,16,17,2,19,7,6,4,5,20,14,11,13,3,18,8,15,21,17,2,5,6,16,7,19,4,20,14,11,17,3,4,18,13,2,20,14,11,5,3,21,17,19,16,4,7,15,6,18,2,13,20,8,19,11,3,14,17,5,21,2,7,16,6,13,18,4,5,3,17,11,14,19,20,2,21,15,8,7,16,6,17,5,4,3,18,19,13,11,2,20,7,14,21,16,17,3,19,4,15,18,6,5,11,13,2,20,8,7,21,17,19,3,14,16,2,5,18,13,6,11,4,20,7,15,19,17,3,16,21,2,5,14,4,18,6,17,11,8,3,13,7,5,21,19,2,20,14,16,13,18,3,4,11,17,19,15,6,7,2,5,20,8,11,14,17,21,6,4,5,3,7,16,13,2,19,18,20,15,11,17,3,7,4,19,21,16,2,14,6,5,17,18,8,13,20,11,3,2,19,7,15,21,16,4,5,17,6,14,18,3,13,11,19,2,20,7,8,5,21,17,6,14,4,11,3,13,16,18,2,19,20,15,7,5,17,21,4,6,14,16,3,13,11,2,19,18,8,20,5,7,17,2,3,21,14,4,5,11,6,17,15,19,16,7,13,3,18,2,20,8,21,19,13,11,14,6,4,5,17,7,16,3,2,18,20,15,19,11,17,4,5,21,6,14,8,7,3,13,2,16,18,20,19,17,11,5,2,7,3,13,21,4,14,6,16,17,5,18,15,20,19,11,2,8,3,7,13,21,4,6,14,5,17,11,19,18,20,2,16,3,15,7,4,17,21,19,6,16,13,14,5,2,11,3,18,8,20,7,17,19,4,21,15,6,5,11,14,3,2,17,16,13,18,20,19,7,4,5,21,6,8,2,13,11,3,14,17,7,5,16,20,2,18,19,15,3,11,4,17,21,6,14,8,13,5,7,20,2,16,18,19,3,13,11,4,17,7,6,21,5,14,2,19,3,16,17,18,15,20,4,11,19,7,2,13,3,16,21,5,6,8,14,17,18,20,2,11,19,13,7,3,4,5,21,15,6,17,16,14,20,18,8,2,11,19,13,3,7,5,4,17,21,6,14,11,2,5,20,18,8,15,19,3,16,17,7,4,21,6,13,2,11,14,5,3,17,19,7,16,20,4,18,1,15,6,11,13,19,2,20,7,8,5,17,21,3,18,16,14,4,1,13,12,5,11,6,17,2,20,19,7,15,16,3,18,21,8,13,14,2,5,11,3,17,19,4,7,6,1,20,16,15,18,12,13,21,8,5,2,20,14,11,17,19,18,3,4,1,7,16,10,12,15,9,6,13,21,8,5,2,20,14,11,17,19,18,3,4,1,7,16,10,12,15,9,6,13,21,8,5,2,20,14,11,17,19,18,3,4,1,7,16,10,12,15,9,6,13,21,8,5,2,20,14,11,17,19,18,3,4,1,7,16,10,12,15,9,6,13,21,8,5,2,20,14,11,17,19,18,3,4,1,7,16,10,12,15,9,6,13,21,8,5,2,20,14,11,17,19,18,3,4,1,7,16,10,12,15,9,6,13,21,8,5,2,20,14,11,17,19,18,3,4,1,7,16,10,12,15,9,6,13,21,8,5,2,20,14,11,17,19,18,3,4,1,7,16,10,12,15,9,6,13,21,8,5,2,20,14,11,17,19,18,3,4,1,7,16,10,12,15,9,6,13,21,8,5,2,20,14,11,17,19,18,3,4,1,7,16,10,12,15,9,6,13,21,8,5,2,20,14,11,17,19,18,3,4,1,7,16,10,12,15,9,6,13,21,8,5,2,20,14,11,17,19,18,3,4,1,7,16,10,12,15,9,6,13,21,8,5,2,20,14,11,17,19,18,3,4,1,7,16,10,12,15,9,6,13,21,8,5,2,20,14,11,17,19,18,3,4,1,7,16,10,12,15,9,6,13,21,8,5,2,20,14,11,17,19,18,3,4,1,7,16,10,12,15,9,6,13,21,8,5,2,20,14,11,17,19,18,3,4,1,7,16,10,12,15,9,6,13,21,8,5,2,20,14,11,17,19,18,3,4,1,7,16,10,12,15,9,6,13,21,8,5,2,20,14,11,17,19,18,3,4,1,7,16,10,12,15,9,6,13,21,8,5,2,20,14,11,17,19,18,3,4,1,7,16,10,12,15,9,6,13,21,8,5,2,20,14,11,17,19,18,3,4,1,7,16,10,12,15,9,6,13,21,8,5,2,20,14,11,17,19,18,3,4,1,7,16,10,12,15,9,6,13,21,8,5,2,20,14,11,17,19,18,3,4,1,7,16,10,12,15,9,6,13,21,8,5,2,20,14,11,17,19,18,3,4,1,7,16,10,12,15,9,6,13,21,8,5,2,20,14,11,17,19,18,3,4,1,12,10,16,7,6,15,9,1,4,3,13,10,16,7,2,19,17,11,6,20,14,5,4,21,9,12,15,8,1,18,3,13,10,16,7,2,19,17,11,6,20,14,5,4,21,9,12,15,8,1,18,3,13,10,16,7,2,19,17,11,6,20,14,5,4,21,9,12,15,8,1,18,3,13,10,16,7,2,19,17,11,6,20,14,5,4,21,9,12,15,8,1,18,3,13,10,16,7,2,19,17,11,6,20,14,5,4,21,9,12,15,8,1,18,3,13,10,16,7,2,19,17,11,6,20,14,5,4,21,9,12,15,8,1,18,3,13,10,16,7,2,19,17,11,6,20,14,5,4,21,9,12,15,8,1,18,3,13,10,16,7,2,19,17,11,6,20,14,5,4,21,9,12,15,8,1,18,3,13,10,16,7,2,19,17,11,6,20,14,5,4,21,9,12,15,8,1,18,3,13,10,16,7,2,19,17,11,6,20,14,5,4,21,9,12,15,8,1,18,3,13,10,16,7,2,19,17,11,6,20,14,5,4,21,9,12,15,8,1,18,3,13,10,16,7,2,19,17,11,6,20,14,5,4,21,9,12,15,8,1,18,3,13,10,16,7,2,19,17,11,6,20,14,5,4,21,9,12,15,8,1,18,3,13,10,16,7,2,19,17,11,6,20,14,5,4,21,9,12,15,8,1,18,3,13,10,16,7,2,19,17,11,6,20,14,5,4,21,9,12,15,8,1,18,3,13,10,16,7,2,19,17,11,6,20,14,5,4,21,9,12,15,8,1,18,3,13,10,16,7,2,19,17,11,6,20,14,5,4,21,9,12,15,8,1,18,3,13,10,16,7,2,19,17,11,6,20,14,5,4,21,9,12,15,8,1,18,3,13,10,16,7,2,19,17,11,6,20,14,5,4,21,9,12,15,8,1,18,3,13,10,16,7,2,19,17,11,6,20,14,5,4,21,9,12,15,8,1,18,3,13,10,16,7,2,19,17,11,6,20,14,5,4,21,9,12,15,8,1,18,3,13,10,16,7,2,19,17,11,6,20,14,5,4,21,9,12,15,8,1,18,3,13,10,16,7,2,19,17,11,6,20,14,5,4,21,9,12,15,8,1,18,3,13,10,16,7,2,19,17,11,6,20,14,5,4,21,9,12,15,8,1,18,3,13,10,16,7,2,19,17,11,6,20,14,5,4,21,9,12,15,8,1,18,3,13,10,16,7,2,19,17,11,6,20,14,5,4,21,9,12,15,8,1,18,3,13,10,16,7,2,19,17,11,6,20,14,5,4,21,9,12,15,8,1,18,3,13,10,16,7,2,19,17,11,6,20,14,5,4,21,9,12,15,8,1,18,3,13,10,16,7,2,19,17,11,6,20,14,5,4,21,9,12,15,8,1,18,3,13,10,16,7,2,19,17,11,6,20,14,5,4,21,9,12,15,8,1,18,3,13,10,16,7,2,19,17,11,6,20,14,5,4,21,9,12,15,8,1,18,3,13,10,16,7,2,19,17,11,6,20,14,5,4,21,9,12,15,8,1,18,3,13,10,16,7,2,19,17,11,6,20,14,5,4,21,9,12,15,8,1,18,3,13,10,16,7,2,19,17,11,6,20,14,5,4,21,9,12,15,8,1,18,3,13,10,16,7,2,19,17,11,6,20,14,5,4,21,9,12,15,8,1,18,3,13,10,16,7,2,19,17,11,6,20,14,5,4,21,9,12,15,8,1,18,3,13,10,16,7,2,19,17,11,6,20,14,5,4,21,9,12,15,8,1,18,3,13,10,16,7,2,19,17,11,6,20,14,5,4,21,9,12,15,8,1,18,3,13,10,16,7,2,19,17,11,6,20,14,5,4,21,9,12,15,8,1,18,3,13,10,16,7,2,19,17,11,6,20,14,5,4,21,9,12,15,8,1,18,3,13,10,16,7,2,19,17,11,6,20,14,5,4,21,9,12,15,8,1,18,3,13,10,16,7,2,19,17,11,6,20,14,5,4,21,9,12,15,8,1,18,3,13,10,16,7,2,19,17,11,6,20,14,5,4,21,9,12,15,8,1,18,3,13,10,16,7,2,19,17,11,6,20,14,5,4,21,9,12,15,8,1,18,3,13,10,16,7,2,19,17,11,6,20,14,5,4,21,9,12,15,8,1,18,3,13,10,16,7,2,19,17,11,6,20,14,5,4,21,9,12,15,8,1,18,3,13,10,16,7,2,19,17,11,6,20,14,5,4,21,9,12,15,8,1,18,3,13,10,16,7,2,19,17,11,6,20,14,5,4,21,