{"C":1.00000000000000000000e+00,"N":107,"WCE":1.79769313486231570815e+308,"entropy":5.51787004514989409820e-01,"genvec":[1,47,41,38,49,28,48,32,6,42,17,35,10,46,27,8,44,50,39,18,52,21,5,4,26,45,12,14,15,40,37,50,44,18,39,11,3,20,29,43,24,51,9,26,44,34,4,11,18,21,35,5,3,17,14,20,15,12,39,52,42,50,36,22,45,26,37,40,46,43,24,4,29,51,9,11,7,6,8,45,44,40,23,5,43,26,18,37,15,39,24,14,10,44,4,17,11,46,9,21,35,20,52,50,6,51,8,27,34,29,42,45,7,12,43,13,18,37,15,11,3,40,23,10,44,26,36,8,14,51,24,39,43,7,17,2,5,27,46,22,29,4,9,50,45,35,52,19,30,16,34,14,24,21,18,20,37,3,11,51,53,13,12,15,42,22,39,7,27,2,25,46,45,16,29,6,5,43,40,37,19,36,26,9,23,4,34,11,30,50,24,52,14,44,20,51,31,18,33,16,21,3,35,10,53,17,13,23,25,4,29,22,15,12,7,40,43,9,19,2,34,45,8,5,11,26,6,37,46,14,53,39,36,30,24,42,16,31,25,20,52,51,33,27,44,43,7,9,13,2,23,17,3,10,19,35,29,11,12,15,40,16,50,18,22,31,21,24,34,30,33,29,4,51,53,45,36,40,5,6,14,16,26,22,21,39,37,50,15,8,52,24,18,23,25,31,11,30,27,12,42,29,7,5,33,13,43,9,2,45,36,20,51,22,52,34,19,16,4,53,46,14,3,25,39,37,40,24,30,21,31,6,11,23,50,26,18,10,33,44,8,45,29,36,7,27,15,43,51,13,2,12,34,9,16,19,37,53,22,20,42,31,3,5,25,24,30,14,39,23,52,4,40,11,17,35,21,16,9,51,33,26,7,6,15,43,36,29,44,53,10,31,13,2,25,46,34,12,19,8,11,40,37,45,18,23,7,22,3,5,27,30,24,43,29,14,4,33,13,16,50,52,51,20,9,42,34,35,31,2,53,19,15,25,17,12,21,39,11,26,36,10,16,23,6,22,40,33,9,7,46,45,24,4,53,30,29,44,14,43,5,3,18,13,37,51,31,25,20,8,52,19,2,34,27,36,21,11,23,16,15,39,50,24,33,26,45,22,10,14,6,9,35,42,30,53,51,40,29,43,12,31,25,4,7,17,13,16,3,37,19,46,18,20,34,11,2,52,5,36,44,23,27,24,33,21,39,22,15,20,9,2,50,52,51,30,18,8,31,7,26,43,34,40,24,33,23,36,44,10,16,53,29,45,14,11,25,12,42,5,13,2,3,37,22,15,27,39,21,18,31,51,16,20,30,52,19,35,7,9,24,17,23,33,43,4,29,6,25,53,13,11,14,36,5,45,40,44,8,26,34,50,2,46,12,10,22,9,42,37,16,31,30,53,29,7,3,51,43,33,19,15,24,40,39,23,36,52,25,17,2,20,11,21,16,6,27,14,13,45,4,18,5,22,35,26,19,34,23,9,33,31,30,50,12,51,21,29,53,16,24,10,15,25,52,37,7,22,40,36,39,43,4,31,3,42,11,9,13,51,2,20,44,8,34,15,14,6,27,23,33,45,25,24,29,53,19,30,16,35,52,7,43,10,18,46,17,26,12,37,11,5,21,31,13,9,2,50,40,34,22,23,36,8,3,51,20,19,14,16,25,39,53,33,30,24,45,29,4,44,43,6,27,7,15,36,26,42,11,31,37,5,9,52,12,17,2,23,20,16,13,25,51,21,18,22,39,33,14,46,53,24,19,10,3,30,35,40,34,7,4,43,29,45,11,16,31,26,9,44,15,36,6,33,50,23,51,27,2,13,37,52,42,25,24,10,34,22,8,14,53,29,12,21,31,30,18,40,19,5,16,3,7,43,46,11,17,4,35,20,9,13,25,45,23,33,39,53,51,2,19,15,36,52,24,22,29,14,16,6,21,27,10,37,34,50,31,26,12,30,40,44,8,18,43,7,11,5,3,23,33,45,2,13,9,51,20,25,42,36,39,15,16,53,24,31,37,22,52,7,4,29,19,17,43,40,46,6,34,9,11,14,30,25,26,35,12,51,21,10,16,53,33,23,44,3,13,2,31,20,36,15,50,27,8,29,42,24,5,22,18,45,37,39,7,52,19,4,43,30,34,11,40,51,9,25,23,16,12,14,33,26,2,31,53,17,3,20,35,44,15,13,21,24,29,18,5,50,16,11,46,27,19,4,36,14,10,43,6,33,45,34,23,52,7,30,22,9,39,37,51,40,25,24,2,31,42,26,53,16,12,29,3,30,21,33,19,36,13,5,8,45,22,7,20,46,9,25,53,34,43,37,6,11],"s":1024,"weight":"READin"}