{"C":1.00000000000000000000e+00,"N":647,"WCE":1.79769313486231570815e+308,"entropy":9.43707872033743844220e-01,"genvec":[1,268,174,256,105,55,273,285,197,209,137,48,133,143,132,297,247,113,292,62,52,161,180,69,304,300,83,51,151,147,40,89,79,246,109,238,254,136,221,25,36,41,193,74,145,118,307,295,97,240,182,84,319,159,276,281,163,265,127,288,198,313,78,205,206,28,204,61,189,30,86,262,126,231,203,291,308,192,73,201,10,306,282,190,196,179,311,88,81,115,130,18,93,140,235,228,214,200,22,75,241,92,211,164,293,103,217,33,123,60,26,237,34,141,283,59,43,106,289,195,8,309,50,243,38,269,316,303,119,85,124,232,258,117,279,167,277,63,207,112,42,204,47,9,320,139,12,192,116,317,272,28,44,120,155,45,231,107,19,213,114,291,306,98,104,31,32,220,68,158,61,275,10,119,100,302,278,191,73,85,245,189,258,94,154,215,70,90,102,72,117,279,126,176,130,244,156,227,321,199,13,115,92,194,56,18,15,190,124,152,22,116,79,167,57,311,74,186,263,320,33,155,196,12,272,211,290,42,203,318,140,201,214,226,213,206,86,153,120,9,262,232,277,138,32,104,82,251,75,144,228,283,63,204,59,207],"s":256,"weight":"READin"}