{"C":1.00000000000000000000e+00,"N":7,"WCE":1.79769313486231570815e+308,"entropy":3.18682365625553187805e-01,"genvec":[1,3,2,1,3,2,2,3,2,3,1,2,3,1,2,3,1,1,2,3,1,2,3,1,2,3,1,2,3,1,2,3],"s":32,"weight":"READin"}