{"C":1.00000000000000000000e+00,"N":2843,"WCE":1.79769313486231570815e+308,"entropy":1.00000000000000044409e+00,"genvec":[1,1050,665,1249,602,864,510,886,1352,754,389,254,1342,231,1394,291,383,592,772,168,1146,731,431,1359,286,699,561,1241,342,1186,843,1108],"s":32,"weight":"READin"}