{"C":1.00000000000000000000e+00,"N":15073,"WCE":1.79769313486231570815e+308,"entropy":1.00000000000000000000e+00,"genvec":[1,5821,4726,1821,5257,5306,1649,6498],"s":8,"weight":"READin"}