{"C":1.00000000000000000000e+00,"N":467,"WCE":1.79769313486231570815e+308,"entropy":1.00000000000000066613e+00,"genvec":[1,196,130,180,223,81,217,95,169,204,210,110,37,64,189,194,35,131,44,127,109,166,227,157,71,57,96,229,67,103,113,172,108,23,84,38,99,160,106,126,176,164,94,136,161,58,208,144,191,159,14,17,6,40,76,165,15,92,216,142,174,132,135,16],"s":64,"weight":"READin"}