{"C":1.00000000000000000000e+00,"N":2417,"WCE":1.79769313486231570815e+308,"entropy":9.99999999999999777955e-01,"genvec":[1,919,548,507,876,361,591,655,418,1025,474,703,280,984,353,939],"s":16,"weight":"READin"}