{"C":1.00000000000000000000e+00,"N":1973,"WCE":1.79769313486231570815e+308,"entropy":1.00000000000000066613e+00,"genvec":[1,750,582,368,881,318,713,242,543,206,606,551,697,876,478,626,851,482,825,557,377,431,823,457,952,555,108,281,885,350,120,529,904,262,910,503,820,917,760,853,976,901,429,192,734,261,372,667,788,135,357,147,208,258,401,82,284,66,649,76,673,314,525,475],"s":64,"weight":"READin"}