{"C":1.00000000000000000000e+00,"N":20389,"WCE":1.79769313486231570815e+308,"entropy":1.00000000000000000000e+00,"genvec":[1,7787,6161,5608,1738,4491,2328,6468],"s":8,"weight":"READin"}