{"C":1.00000000000000000000e+00,"N":337,"WCE":1.79769313486231570815e+308,"entropy":1.00000000000000044409e+00,"genvec":[1,129,94,106,88,80,123,70,134,152,36,31,74,45,51,28,61,136,164,24,95,99,64,117,100,105,111,30,54,49,118,166],"s":32,"weight":"READin"}