{"C":1.00000000000000000000e+00,"N":5669,"WCE":1.79769313486231570815e+308,"entropy":1.00000000000000066613e+00,"genvec":[1,2096,1076,2197,1535,1825,842,2045,966,896,734,350,653,1268,1197,1951,1603,452,1797,1696,2709,1711,2131,1163,1008,2656,1522,2158,1650,1295,1404,1723,272,935,1971,1541,1283,1141,506,2546,728,998,1151,2558,1573,1831,2027,2262,575,1778,2683,394,236,198,1503,1689,261,386,1251,1853,2398,960,1719,130],"s":64,"weight":"READin"}