{"C":1.00000000000000000000e+00,"N":14867,"WCE":1.79769313486231570815e+308,"entropy":9.99999999999999777955e-01,"genvec":[1,5750,4386,6808,3847,6276,6433,3030,5102,3631,5138,4755,654,4490,2341,7156],"s":16,"weight":"READin"}