{"C":1.00000000000000000000e+00,"N":17327,"WCE":1.79769313486231570815e+308,"entropy":1.00000000000000000000e+00,"genvec":[1,6406,3926,7489,5034,4833,7209,8150],"s":8,"weight":"READin"}