{"C":1.00000000000000000000e+00,"N":29,"WCE":1.79769313486231570815e+308,"entropy":4.21142397367568921407e-01,"genvec":[1,12,8,9,6,14,13,11,2,5,4,10,3,7,2,5,3,7,4,10,3,7,13,11,4,10,6,14,7,3,2,5,4,10,13,11,14,6,4,10,3,7,2,5,13,11,14,4,10,6,3,7,2,5,13,11,4,10,6,14,2,5,3,7,4,10,13,11,6,14,4,10,3,7,2,5,13,11,4,10,6,14,3,7,2,5,13,11,4,10,6,14,2,5,3,7,13,11,4,10,2,5,3,7,6,14,4,10,13,11,2,5,3,7,6,14,4,10,13,11,2,5,3,7,4,10,6,14,2,5,13,11,1,12,3,7,8,9,2,5,13,11,12,1,4,10,6,14,3,7,8,9,2,5,13,11,1,12,4,10,6,14,3,7,8,9,2,5,11,13,1,12,4,10,6,14,7,3,8,9,5,2,13,11,1,12,4,10,6,14,3,7,8,9,2,5,13,11,1,12,4,10,6,14,3,7,8,9,2,5,13,11,1,12,4,10,6,14,3,7,8,9,2,5,13,11,1,12,10,4,6,14,7,3,8,9,2,5,13,11,1,12,4,10,6,14,7,3,8,9,2,5,13,11,1,12,4,10,6,14,3,7,8,9,2,5,14,6,4,10,13,11,7,3,2,5,9,8,6,14,4,10,7,3,1,12,13,11,2,5,9,8,6,14,4,10,3,7,1,12,13,11,2,5,8,9,6,14,4,10,7,3,1,12,13,11,2,5,8,9,6,14,4,10,3,7,1,12,13,11,2,5,8,9,6,14,4,10,3,7,1,12,13,11,2,5,8,9,6,14,4,10,3,7,1,12,13,11,2,5,8,9,6,14,4,10,7,3,1,12,13,11,2,5,8,9,6,14,4,10,3,7,1,12,13,11,2,5,8,9,6,14,4,10,3,7,1,12,13,11,2,5,8,9,6,14,4,10,3,7,12,1,13,11,2,5,8,9,6,14,4,10,3,7,1,12,13,11,2,5,8,9,6,14,4,10,3,7,1,12,13,11,2,5,8,9,6,14,4,10,3,7,1,12,13,11,2,5,8,9,6,14,4,10,7,3,1,12,13,11,2,5,8,9,6,14,4,10,3,7,1,12,13,11,5,2,8,9,6,14,4,10,3,7,1,12,13,11,5,2,8,9,6,14,4,10,7,3,1,12,13,11],"s":512,"weight":"READin"}