{"C":1.00000000000000000000e+00,"N":17,"WCE":1.79769313486231570815e+308,"entropy":6.75452903134229676319e-01,"genvec":[1,7,4,6,8,5,2,3,3,2,5,8,3,2,5,8],"s":16,"weight":"READin"}