{"C":1.00000000000000000000e+00,"N":89,"WCE":1.79769313486231570815e+308,"entropy":7.63264905530192772076e-01,"genvec":[1,34,25,40,37,33,35,12,27,28,24,15,23,19,4,42,6,26,10,16,29,7,11,18,10,16,6,26,29,7,22,36,3,13,31,14,17,44,41,30,9,39,5,8,38,43,2,21,20,32,28,27,24,15,13,3,14,31,22,36,10,16,4,42,23,19,18,11,30,41,38,43,17,44,6,26,9,39,20,32,2,21,30,41,28,27,23,19,8,5,11,18,17,44,13,3,29,7,38,43,31,14,6,26,8,5,39,9,21,2,24,15,20,32,30,41,22,36,43,38,4,42,11,18,23,19,10,16],"s":128,"weight":"READin"}