{"C":1.00000000000000000000e+00,"N":43177,"WCE":1.79769313486231570815e+308,"entropy":9.99999999999999777955e-01,"genvec":[1,18240,9771,16482,20250,12875,15369,13609,7427,16971,20540,20737,10556,18705,13699,8399],"s":16,"weight":"READin"}