{"C":1.00000000000000000000e+00,"N":59183,"WCE":1.79769313486231570815e+308,"entropy":1.00000000000000000000e+00,"genvec":[1,22607,34313,33195,16458,10948,33644,27169],"s":8,"weight":"READin"}