{"C":1.00000000000000000000e+00,"N":50321,"WCE":1.79769313486231570815e+308,"entropy":1.00000000000000000000e+00,"genvec":[1,2395,23685,13808,9906,16746,4938,16080],"s":8,"weight":"READin"}