{"C":1.00000000000000000000e+00,"N":761,"WCE":1.79769313486231570815e+308,"entropy":8.84648680206852500163e-01,"genvec":[1,321,342,198,157,287,103,142,356,70,46,90,78,292,259,56,75,366,281,294,165,148,348,278,373,250,134,282,126,104,106,162,249,32,279,207,189,245,164,293,68,370,182,27,60,323,362,170,122,58,267,371,186,48,86,163,196,304,128,84,332,176,223,72,300,232,80,113,47,239,313,222,217,263,241,59,204,159,108,361,359,123,376,341,257,121,175,311,211,347,192,368,191,286,69,109,296,50,44,124,19,89,299,102,328,20,130,201,93,12,85,318,116,61,41,161,298,118,242,310,37,91,147,184,355,261,358,271,333,339,212,367,145,79,319,255,76,353,185,225,317,160,42,352,226,224,13,97,256,264,240,285,150,305,17,303,364,10,360,21,172,64,363,217,183,227,263,308,219,47,108,315,38,96,153,25,230,258,350,336,82,361,222,213,354,367,320,353,203,69,330,221,316,255,232,63,272,333,179,244,205,174,312,210,113,352,376,257,149,212,209,166,266,22,117,15,200,347,145,264,79,139,185,155,313,289,17,286,260,275,12,123,225,109,191,338,13,240,54,305,195,124,208,256,59,364,42,226,201,317,53,181,10,194,76,8,129,150,115,160,51,172,363,29,47,96,299,93,327,339,224,285,25,219,227,360,175,125,303,315,65,270,138,369,341,215,213,44,67,82,333,263,34,192,343,336,87,101,272,169,376,283,320,230,300,52,308,24,324,153,353,218,319,241,97,30,159,144,232,74,322,129,242,63,255,244,211,20,203,182,312,199,359,135,214,21,89,149,47,228,69,262,264,299,172,330,239,350,108,130,280,184,95,328,80,266,219,257,354,93,367,14,51,352,179,64,318,200,117,369,120,29,6,143,345,310,22,285,147,67,124,221,151,363,19,269,16,339,150,37,217,337,341,258,85,213,233,118,222,139,204,303,9,227,215,276,315,96,360,224,263,125,175,34,218,81,296,52,379,144,91,174,343,115,216,308,252,205,291,160,15,38,55,82,25,374,183,98,232,268,166,189,327,133,153,173,185,20,316,141,44,203,131,255,234,334,24,299,283,277,270,364,230,336,145,248,101,61,21,376,68,65,226,280,169,172,97,14,312,62,275,200,228,26,333,54,289,138,30,353,192,127,59,47,116,159,208,363,261,319,313,244,161,8,324,264,286,362,219,210,257,149],"s":512,"weight":"READin"}