{"C":1.00000000000000000000e+00,"N":1151,"WCE":1.79769313486231570815e+308,"entropy":1.00000000000000066613e+00,"genvec":[1,437,500,536,183,324,103,267,509,420,470,541,169,75,293,360,219,409,328,95,261,449,543,298,91,281,559,527,193,556,477,558,444,44,49,346,505,187,124,408,270,112,568,471,391,155,252,567,55,153,58,129,297,215,229,439,171,172,294,303,226,168,381,45],"s":64,"weight":"READin"}