{"C":1.00000000000000000000e+00,"N":20389,"WCE":1.79769313486231570815e+308,"entropy":9.99999999999999777955e-01,"genvec":[1,7787,6161,5608,1738,4491,2328,6468,5982,3658,4768,7492,1210,6512,7523,9606],"s":16,"weight":"READin"}