{"C":1.00000000000000000000e+00,"N":733,"WCE":1.79769313486231570815e+308,"entropy":9.99999999999997335465e-01,"genvec":[1,271,172,158,107,205,256,76,300,274,339,332,216,52,296,224,335,196,212,286,30,334,165,170,58,24,188,279,39,50,178,124,68,235,328,252,67,306,294,288,281,46,95,36,331,179,310,243,195,59,312,22,211,140,103,225,192,318,119,253,162,21,91,208,207,346,74,342,136,362,28,233,73,27,320,354,20,249,287,92,290,164,88,17,189,71,204,350,333,226,277,84,135,144,348,289,47,32,149,123,257,129,283,236,18,177,213,336,102,93,315,266,220,29,131,322,194,270,125,121,223,83,169,337,184,10,324,295],"s":128,"weight":"READin"}