{"C":1.00000000000000000000e+00,"N":983,"WCE":1.79769313486231570815e+308,"entropy":9.99999999999999777955e-01,"genvec":[1,413,443,361,431,306,451,115,77,467,203,357,323,420,47,255],"s":16,"weight":"READin"}