{"C":1.00000000000000000000e+00,"N":137,"WCE":1.79769313486231570815e+308,"entropy":9.36266598548505135646e-01,"genvec":[1,31,51,37,12,33,30,14,9,59,29,23,40,27,32,49,22,8,45,21,5,48,38,36,20,55,18,19,13,67,61,65,57,54,10,41,47,42,25,34,11,4,60,28,39,64,6,52,24,66,45,21,22,8,7,15,57,54,10,41,25,34,64,39],"s":64,"weight":"READin"}