{"C":1.00000000000000000000e+00,"N":233,"WCE":1.79769313486231570815e+308,"entropy":9.89377766424751503571e-01,"genvec":[1,89,104,101,64,45,91,84,60,112,74,83,107,49,59,10,82,97,57,61,14,24,27,80,95,38,22,6,17,35,109,68,113,67,47,69,96,77,23,88,37,76,102,20,18,86,106,16,103,28,13,92,33,36,41,53,77,63,29,40,7,11,12,67],"s":64,"weight":"READin"}