{"C":1.00000000000000000000e+00,"N":293,"WCE":1.79769313486231570815e+308,"entropy":1.00000000000000000000e+00,"genvec":[1,123,81,70,113,103,115,128],"s":8,"weight":"READin"}