{"C":1.00000000000000000000e+00,"N":1597,"WCE":1.79769313486231570815e+308,"entropy":9.99999999999997335465e-01,"genvec":[1,610,679,567,448,93,193,762,273,442,118,230,731,347,749,148,781,262,504,120,223,98,620,289,285,691,166,450,649,724,66,602,335,595,431,111,692,496,434,727,394,101,563,636,205,183,80,484,790,185,235,437,695,537,309,129,380,251,512,180,626,467,628,176,745,375,293,507,604,134,200,587,368,548,96,529,635,571,175,363,475,553,142,693,275,154,336,721,238,210,492,300,787,361,710,544,638,260,249,18,622,666,348,113,78,668,147,789,518,536,398,428,283,417,241,82,684,79,382,280,68,24,427,422,425,495,276,497],"s":128,"weight":"READin"}