{"C":1.00000000000000000000e+00,"N":127189,"WCE":1.79769313486231570815e+308,"entropy":1.00000000000000000000e+00,"genvec":[1,48573,37642,53266,27685,19754,13636,29193],"s":8,"weight":"READin"}