{"C":1.00000000000000000000e+00,"N":223,"WCE":1.79769313486231570815e+308,"entropy":1.00000000000000044409e+00,"genvec":[1,82,34,84,77,62,76,39,18,44,20,108,79,104,35,43,64,24,98,30,33,80,57,58,16,25,93,67,85,70,45,50],"s":32,"weight":"READin"}