{"C":1.00000000000000000000e+00,"N":79,"WCE":1.79769313486231570815e+308,"entropy":5.57896453399959635355e-01,"genvec":[1,29,31,23,35,30,18,37,12,4,32,19,13,7,11,20,6,15,9,38,5,27,8,26,6,22,28,15,38,4,9,7,34,16,5,33,17,2,24,39,27,14,3,32,10,12,11,13,20,16,5,25,34,14,26,6,22,21,38,33,8,36,17,27,39,2,24,3,10,32,19,5,9,12,15,14,20,21,22,2,16,34,24,25,39,28,3,33,36,32,11,26,19,5,4,7,9,10,6,17,13,8,21,27,14,38,15,12,22,39,16,25,34,2,28,24,20,3,36,33,10,9,32,11,26,19,21,14,8,6,5,17,25,2,22,15,39,7,12,27,3,8,17,5,13,36,4,24,34,38,16,33,10,9,28,22,25,6,39,15,7,26,19,11,2,21,36,32,24,27,5,3,20,17,8,14,13,9,34,4,19,10,16,6,28,25,22,39,36,33,26,38,15,21,12,11,2,7,5,17,27,16,3,10,14,24,9,39,33,32,22,25,8,28,6,34,19,36,26,21,4,20,15,38,11,13,24,2,9,5,17,7,27,12,16,10,3,14,25,39,22,32,28,36,21,33,8,34,19,6,26,10,15,9,2,38,11,24,14,25,20,17,13,36,4,21,5,11,12,16,39,28,27,3,22,8,7,17,33,26,32,20,6,5,36,25,14,19,34,24,21,4,13,9,15,39,3,11,8,27,10,28,22,12,32,38,7,2,17,26,16,5,36,33,6,25,20,14,19,21,34,9,24,39,15,22,8,3,10,27,28,13,11,36,16,2,38,17,25,12,21,14,26,5,33,4,6,32,9,19,39,24,34,10,7,22,15,8,3,27,36,28,20,11,21,13,17,2,38,25,16,14,6,5,26,9,33,4,19,24,32,36,10,39,34,22,21,15,6,14,8,25,26,11,3,20,17,7,12,9,5,2,16,38,28,33,27,36,10,22,32,39,24,19,21,4,34,13,15,25,14,3,8,17,9,26,10,11,36,6,28,39,16,27,12,5,7,19,33,2,21,38,22,15,24,17,25,20,9,8,14,26,32,11,6,10,36,13,4,3,34,28,21,39,19,5,27,16,33,24,2,22,7,38,9,15,25,17,12,10,8,14,26,11,36,32,20,6,21,28,39,3,34,25,13,2,5,16,22,9,24,19,33,36,4,15,17,27,38,14,10,21],"s":512,"weight":"READin"}