{"C":1.00000000000000000000e+00,"N":23971,"WCE":1.79769313486231570815e+308,"entropy":9.99999999999999777955e-01,"genvec":[1,9175,5267,6561,4698,7476,10967,10016,11382,9727,10756,4114,6249,4980,8641,7772],"s":16,"weight":"READin"}