{"C":1.00000000000000000000e+00,"N":101,"WCE":1.79769313486231570815e+308,"entropy":9.99999999999999777955e-01,"genvec":[1,44,30,42,23,24,47,28,35,16,36,38,20,49,9,37],"s":16,"weight":"READin"}