{"C":1.00000000000000000000e+00,"N":163,"WCE":1.79769313486231570815e+308,"entropy":9.52199948911378823979e-01,"genvec":[1,62,43,67,21,57,28,36,22,50,35,26,10,15,6,59,69,68,51,33,47,73,80,64,27,8,11,37,17,46,4,76,13,79,20,72,49,61,44,14,19,74,69,41,12,16,70,65,27,5,63,80,53,13,51,7,64,73,47,71,66,52,20,25],"s":64,"weight":"READin"}