{"C":1.00000000000000000000e+00,"N":4621,"WCE":1.79769313486231570815e+308,"entropy":9.99999999999997335465e-01,"genvec":[1,1764,2083,1225,1864,1061,1000,1351,636,259,1327,1668,2024,1836,1463,1188,1111,874,1816,1448,410,563,801,360,749,601,1393,713,1305,285,1275,888,206,1501,1577,1976,992,369,1471,942,1314,302,344,683,1449,1921,1239,1603,646,1784,532,1924,1727,1180,553,859,681,406,830,1753,1408,572,907,970,1316,1744,461,1531,115,1880,336,710,1078,1906,428,939,1196,486,1644,1830,748,1024,1888,912,1874,508,2040,930,2109,241,2144,1714,550,1028,1182,650,1571,1416,1494,584,2094,979,1348,984,1388,1004,1551,1252,631,1427,1634,642,174,2035,2216,1384,2238,1468,1258,179,693,1872,2058,978,530,1401,448,929],"s":128,"weight":"READin"}