{"C":1.00000000000000000000e+00,"N":1597,"WCE":1.79769313486231570815e+308,"entropy":1.00000000000000177636e+00,"genvec":[1,610,679,567,448,93,193,762,273,442,118,230,731,347,749,148,781,262,504,120,223,98,620,289,285,691,166,450,649,724,66,602,335,595,431,111,692,496,434,727,394,101,563,636,205,183,80,484,790,185,235,437,695,537,309,129,380,251,512,180,626,467,628,176,745,375,293,507,604,134,200,587,368,548,96,529,635,571,175,363,475,553,142,693,275,154,336,721,238,210,492,300,787,361,710,544,638,260,249,18,622,666,348,113,78,668,147,789,518,536,398,428,283,417,241,82,684,79,382,280,68,24,427,422,425,495,276,497,75,640,490,267,655,42,65,227,510,315,469,28,50,593,307,278,159,488,86,576,598,218,44,584,157,487,340,732,29,181,108,328,765,379,627,30,121,513,664,545,326,32,421,539,45,736,330,774,647,557,290,768,403,367,214,391,751,116,572,177,770,729,792,117,274,761,430,182,667,675,259,793,735,554,657,25,419,356,369,126,414,70,773,683,429,624,397,373,109,709,297,161,703,342,158,77,257,160,389,192,197,756,719,174,365,248,708,106,779,471,464,500,716,36,133,415,435,20,284,407,606,707,226,785,317,187,371,588],"s":256,"weight":"READin"}