{"C":1.00000000000000000000e+00,"N":1871,"WCE":1.79769313486231570815e+308,"entropy":1.00000000000000177636e+00,"genvec":[1,715,844,554,391,406,674,323,913,815,546,246,594,566,817,649,557,285,303,897,851,796,496,734,503,206,776,229,306,444,703,177,75,654,581,98,427,235,756,639,894,419,266,751,893,533,205,402,917,827,216,269,873,678,317,571,551,155,314,461,32,545,105,910,328,679,50,33,719,562,810,86,829,424,240,872,890,376,800,257,876,121,351,662,284,695,44,262,575,165,577,423,689,863,260,924,460,907,404,601,701,371,40,906,36,561,498,347,389,443,425,361,735,311,507,903,259,28,276,790,511,600,550,636,186,925,413,52,24,652,454,670,382,892,640,114,179,629,727,795,135,728,94,411,871,39,712,162,192,536,688,450,305,309,737,116,877,490,832,603,642,792,140,373,215,685,595,619,656,329,675,582,459,761,597,332,676,288,745,699,667,191,27,87,472,100,919,583,180,426,589,908,202,190,880,139,106,544,632,617,869,175,228,542,596,856,118,48,74,178,46,764,30,93,386,243,281,870,588,56,819,408,564,119,768,691,270,760,249,22,226,469,160,786,753,671,18,436,750,445,567,62,214,132,484,621,164,765,338,508,42,134,824,232,686,415],"s":256,"weight":"READin"}