{"C":1.00000000000000000000e+00,"N":337,"WCE":1.79769313486231570815e+308,"entropy":9.99999999999999777955e-01,"genvec":[1,129,94,106,88,80,123,70,134,152,36,31,74,45,51,28],"s":16,"weight":"READin"}