{"C":1.00000000000000000000e+00,"N":43783,"WCE":1.79769313486231570815e+308,"entropy":1.00000000000000000000e+00,"genvec":[1,16632,15674,8050,19513,13337,21239,13707],"s":8,"weight":"READin"}