{"C":1.00000000000000000000e+00,"N":28201,"WCE":1.79769313486231570815e+308,"entropy":1.00000000000000044409e+00,"genvec":[1,10722,7405,7797,5033,12201,11768,4432,2125,6166,13564,3185,4517,8558,6858,11145,8145,5116,10382,4902,9093,5841,5714,1962,9181,13840,13676,2338,13434,9826,12428,11406],"s":32,"weight":"READin"}