{"C":1.00000000000000000000e+00,"N":263,"WCE":1.79769313486231570815e+308,"entropy":7.29422089586789779148e-01,"genvec":[1,109,56,74,36,103,43,121,30,89,106,118,76,99,52,25,116,92,101,20,67,48,70,68,42,78,54,16,114,49,97,117,62,126,13,47,10,61,60,22,6,51,31,84,34,24,23,50,29,91,7,130,79,125,44,94,32,85,15,40,104,59,38,82,83,35,126,9,122,87,123,111,98,96,13,73,47,55,46,58,62,119,66,84,128,10,9,24,126,35,83,34,61,6,120,87,51,19,65,81,50,108,26,111,31,22,53,73,7,96,67,123,92,59,85,15,39,55,40,58,9,119,23,11,16,12,91,83,47,130,35,128,125,79,122,5,34,66,27,84,60,98,75,126,82,8,78,19,50,32,54,44,6,62,29,13,10,17,53,14,46,4,102,61,35,130,49,87,111,93,66,24,128,127,75,84,100,60,73,79,5,126,125,51,81,96,47,98,82,38,54,65,123,107,32,97,44,6,26,40,62,34,29,7,19,15,119,104,4,39,27,23,33,85,50,35,59,53,14,10,67,127,61,24,58,94,22,111,84,55,46,87,31,126,9,13,128,120,8,73,79,91,75,82,108,96,20,130,93,83,66,51,100,78,5,123,122,6,101,32,125,49,72,38,102,15,44,35,68,97,113,60,53,62,119,81,4,84,34,19,7,55,58,114,39,6,33,126,59,65,32,98,101,87,125,9,111,40,92,47,24,14,17,15,44,104,54,50,67,26,93,23,107,73,21,97,122,4,128,11,96,113,79,29,91,119,35,130,102,60,27,31,53,82,38,16,66,85,39,100,110,5,84,6,49,108,72,34,22,9,40,125,111,14,62,19,87,71,59,33,58,75,81,114,126,15,32,23,55,65,83,24,123,4,10,73,127,94,7,26,61,53,67,92,17,44,97,107,21,113,54,85,6,96,100,51,39,60,128,82,35,122,31,91,16,104,119,84,46,130,29,68,5,11,79,40,125,111,9,66,98,12,42,38,50,8,47,102,87,15,27,120,93,110,101,49,72,14,33,58,123,78,44,32,13,83,126,53,19,62,113,20,73,71,18,59,114,4,23,82,130,34,128,108,5,22,81,24,75,97,21,104,117,100,80,35,67,86,65,79,119,93,39,111,6,51,127,125,7,15,96,87,84,33,94,58,55,10,61,26,85,60,9,92,123,54,4,107,38,62,32,22],"s":512,"weight":"READin"}