{"C":1.00000000000000000000e+00,"N":101,"WCE":1.79769313486231570815e+308,"entropy":1.00000000000000000000e+00,"genvec":[1,44,30,42,23,24,47,28],"s":8,"weight":"READin"}