{"C":1.00000000000000000000e+00,"N":107,"WCE":1.79769313486231570815e+308,"entropy":4.99705981846827962389e-01,"genvec":[1,47,41,38,49,28,48,32,6,42,17,35,10,46,27,8,44,50,39,18,52,21,5,4,26,45,12,14,15,40,37,50,44,18,39,11,3,20,29,43,24,51,9,26,44,34,4,11,18,21,35,5,3,17,14,20,15,12,39,52,42,50,36,22,45,26,37,40,46,43,24,4,29,51,9,11,7,6,8,45,44,40,23,5,43,26,18,37,15,39,24,14,10,44,4,17,11,46,9,21,35,20,52,50,6,51,8,27,34,29,42,45,7,12,43,13,18,37,15,11,3,40,23,10,44,26,36,8,14,51,24,39,43,7,17,2,5,27,46,22,29,4,9,50,45,35,52,19,30,16,34,14,24,21,18,20,37,3,11,51,53,13,12,15,42,22,39,7,27,2,25,46,45,16,29,6,5,43,40,37,19,36,26,9,23,4,34,11,30,50,24,52,14,44,20,51,31,18,33,16,21,3,35,10,53,17,13,23,25,4,29,22,15,12,7,40,43,9,19,2,34,45,8,5,11,26,6,37,46,14,53,39,36,30,24,42,16,31,25,20,52,51,33,27,44,43,7,9,13,2,23,17,3,10,19,35,29,11,12,15,40,16,50,18,22,31,21,24,34,30,33,29,4,51,53,45,36,40,5,6,14,16,26,22,21,39,37,50,15,8,52,24,18,23,25,31,11,30,27,12,42,29,7,5,33,13,43,9,2,45,36,20,51,22,52,34,19,16,4,53,46,14,3,25,39,37,40,24,30,21,31,6,11,23,50,26,18,10,33,44,8,45,29,36,7,27,15,43,51,13,2,12,34,9,16,19,37,53,22,20,42,31,3,5,25,24,30,14,39,23,52,4,40,11,17,35,21,16,9,51,33,26,7,6,15,43,36,29,44,53,10,31,13,2,25,46,34,12,19,8,11,40,37,45,18,23,7,22,3,5,27,30,24,43,29,14,4,33,13,16,50,52,51,20,9,42,34,35,31,2,53,19,15,25,17,12,21,39,11,26,36,10,16,23,6,22,40,33,9,7,46,45,24,4,53,30,29,44,14,43,5,3,18,13,37,51,31,25,20,8,52,19,2,34,27,36,21,11,23,16,15,39,50,24,33,26,45,22,10,14,6,9,35,42,30,53,51,40,29,43,12,31,25,4,7,17,13,16,3,37,19,46,18,20,34,11,2,52,5,36,44,23,27,24,33,21,39,22,15,20,9,2,50,52,51,30,18,8,31,7,26,43,34,40,24,33,23,36,44,10,16,53,29,45,14,11,25,12,42,5,13,2,3,37,22,15,27,39,21,18,31,51,16,20,30,52,19,35,7,9,24,17,23,33,43,4,29,6,25,53,13,11,14,36,5,45,40,44,8,26,34,50,2,46,12,10,22,9,42,37,16,31,30,53,29,7,3,51,43,33,19,15,24,40,39,23,36,52,25,17,2,20,11,21,16,6,27,14,13,45,4,18,5,22,35,26,19,34,23,9,33,31,30,50,12,51,21,29,53,16,24,10,15,25,52,37,7,22,40,36,39,43,4,31,3,42,11,9,13,51,2,20,44,8,34,15,14,6,27,23,33,45,25,24,29,53,19,30,16,35,52,7,43,10,18,46,17,26,12,37,11,5,21,31,13,9,2,50,40,34,22,23,36,8,3,51,20,19,14,16,25,39,53,33,30,24,45,29,4,44,43,6,27,7,15,36,26,42,11,31,37,5,9,52,12,17,2,23,20,16,13,25,51,21,18,22,39,33,14,46,53,24,19,10,3,30,35,40,34,7,4,43,29,45,11,16,31,26,9,44,15,36,6,33,50,23,51,27,2,13,37,52,42,25,24,10,34,22,8,14,53,29,12,21,31,30,18,40,19,5,16,3,7,43,46,11,17,4,35,20,9,13,25,45,23,33,39,53,51,2,19,15,36,52,24,22,29,14,16,6,21,27,10,37,34,50,31,26,12,30,40,44,8,18,43,7,11,5,3,23,33,45,2,13,9,51,20,25,42,36,39,15,16,53,24,31,37,22,52,7,4,29,19,17,43,40,46,6,34,9,11,14,30,25,26,35,12,51,21,10,16,53,33,23,44,3,13,2,31,20,36,15,50,27,8,29,42,24,5,22,18,45,37,39,7,52,19,4,43,30,34,11,40,51,9,25,23,16,12,14,33,26,2,31,53,17,3,20,35,44,15,13,21,24,29,18,5,50,16,11,46,27,19,4,36,14,10,43,6,33,45,34,23,52,7,30,22,9,39,37,51,40,25,24,2,31,42,26,53,16,12,29,3,30,21,33,19,36,13,5,8,45,22,7,20,46,9,25,53,34,43,37,6,11,51,23,40,31,2,10,14,17,13,4,15,27,35,52,44,18,24,39,16,23,19,51,29,50,15,4,14,52,36,27,43,17,10,31,12,33,13,21,25,8,9,11,2,7,3,23,20,44,16,35,26,15,39,18,42,24,51,40,22,31,30,29,34,53,12,25,14,16,19,52,33,10,45,43,36,2,9,7,13,23,11,5,37,17,3,27,4,24,29,44,15,42,51,40,50,31,18,16,30,22,26,6,21,33,39,20,35,53,8,14,34,19,46,25,12,43,52,45,2,9,10,11,7,13,36,23,51,37,24,27,31,3,30,29,16,22,5,4,40,25,21,19,17,18,15,33,26,7,6,34,53,43,23,24,20,2,31,11,9,39,51,50,37,16,42,52,36,44,13,14,15,8,12,10,29,45,22,53,25,35,40,30,3,33,19,46,4,43,34,7,26,5,9,31,2,11,23,16,18,20,24,51,21,27,13,6,17,37,50,29,14,36,52,44,30,42,8,39,45,22,12,53,25,5,33,40,31,2,43,3,23,16,9,7,15,19,34,11,10,35,26,51,24,4,29,18,13,21,14,27,33,46,25,20,36,22,45,52,30,12,16,19,53,39,2,31,43,37,3,23,40,51,7,34,11,9,24,15,42,25,10,6,4,17,13,29,16,44,36,33,14,53,43,5,26,31,50,30,20,8,35,22,9,23,52,12,21,45,19,40,2,51,39,37,11,18,7,15,16,27,34,3,24,25,46,13,29,33,6,10,42,31,53,4,22,36,14,17,43,19,5,26,9,30,7,24,16,40,23,44,2,52,33,51,29,25,45,36,20,21,11,37,3,34,53,15,12,50,8,13,31,18,10,27,23,43,35,14,39,22,4,6,30,16,19,51,52,9,7,24,33,46,40,34,2,25,11,21,29,45,5,13,53,42,31,37,12,20,44,16,26,30,18,50,3,17,23,35,14,11,8,15,27,39,43,51,19,2,9,36,25,20,24,52,22,31,33,7,5,4,13,6,29,21,46,53,17,16,10,37,19,40,34,23,9,11,15,12,43,26,14,36,25,3,45,2,51,44,30,24,29,16,42,7,33,53,39,31,22,40,18,4,52,10,50,13,23,35,34,27,6,43,51,8,15,11,9,37,19,21,20,31,25,12,26,30,16,14,36,5,2,22,45,33,29,24,53,7,3,42,17,13,46,44,9,4,39,40,50,52,16,5,23,36,33,30,24,43,31,27,18,34,2,11,20,51,19,25,37,3,7,15,29,21,6,13,45,8,22,10,53,14,23,12,35,26,16,34,9,25,51,19,11,40,43,31,4,52,30,33,18,39,24,7,46,2,44,27,42,10,36,17,29,37,15,16,3,14,22,20,53,21,45,12,13,25,5,23,33,9,26,50,31,6,8,34,43,51,35,11,40,19,30,2,52,24,29,7,16,36,23,53,44,10,45,4,14,39,22,15,18,33,21,13,27,51,3,25,20,24,31,37,43,9,34,42,12,52,16,30,2,19,11,5,29,7,46,40,17,36,26,53,25,6,37,23,22,8,31,9,50,13,51,20,15,4,39,21,14,11,35,16,6,17,19,53,33,24,10,43,26,45,18,44,23,5,3,40,7,29,30,2,36,25,34,31,27,42,52,16,12,33,22,46,9,4,14,13,51,43,24,39,15,37,20,50,11,53,19,2,45,21,36,30,29,3,16,5,23,7,40,33,34,18,31,52,44,24,25,26,10,4,9,51,22,35,42,12,27,15,8,14,13,43,17,29,11,6,53,31,37,19,16,7,30,20,23,25,2,34,9,52,36,51,21,33,39,45,24,40,22,46,50,3,13,10,16,18,12,14,2,11,5,43,27,19,37,23,29,30,31,8,44,26,53,7,34,15,35,25,6,20,9,33,51,42,4,45,52,22,36,13,16,21,39,24,40,17,50,46,3,11,14,53,10,12,43,29,31,2,33,18,5,19,30,23,25,26,37,16,9,7,34,4,15,40,44,24,51,52,36,45,43,27,42,39,6,11,20,8,31,35,13,22,25,53,14,30,23,3,29,2,33,19,5,21,17,16,12,9,7,15,26,37,51,18,10,24,22,31,40,34,50,4,46,53,43,13,11,36,29,3,25,23,16,19,2,45,20,33,14,21,52,30,27,35,44,12,51,39,9,8,7,15,6,34,11,42,10,31,26,37,18,43,24,25,53,16,17,40,23,5,13,4,22,29,36,7,19,33,3,45,2,46,27,30,14,52,20,24,44,51,9,39,21,16,50,12,31,33,36,15,13,53,11,43,34,23,2,25,37,10,6,29,8,19,51,9,7,52,22,40,17,42],"s":2048,"weight":"READin"}