{"C":1.00000000000000000000e+00,"N":69623,"WCE":1.79769313486231570815e+308,"entropy":9.99999999999999777955e-01,"genvec":[1,28542,31222,16234,6701,25711,42266,26574,61308,51266,25834,39012,40100,49628,5942,47313],"s":16,"weight":"READin"}