{"C":1.00000000000000000000e+00,"N":97,"WCE":1.79769313486231570815e+308,"entropy":5.35543897087710329963e-01,"genvec":[1,36,21,41,35,20,23,29,22,16,45,6,44,33,17,27,13,30,24,4,10,19,9,14,12,5,43,47,13,37,45,31,8,40,24,32,30,6,19,16,26,4,5,3,22,43,9,24,40,14,30,47,34,13,2,32,19,25,7,17,4,5,9,11,6,39,16,26,37,31,10,24,43,14,8,30,3,26,38,33,40,47,39,28,6,22,16,10,45,37,34,43,24,31,13,8,7,5,48,18,38,15,3,14,17,33,25,39,9,4,43,30,40,26,6,22,28,16,10,42,47,37,19,31,24,34,46,2,11,7,12,32,9,15,13,8,48,38,11,5,14,18,39,47,40,43,45,12,8,28,33,44,5,42,48,37,17,25,39,15,32,9,7,26,4,3,10,31,38,11,46,6,34,14,18,13,2,27,19,30,48,8,22,40,25,12,32,28,10,42,15,43,39,46,44,7,3,31,37,26,34,16,38,18,2,24,11,47,40,27,28,33,5,45,12,8,39,9,42,17,30,48,25,46,4,14,19,43,3,31,13,37,10,44,34,15,32,7,6,38,11,26,48,18,40,8,2,22,46,28,47,27,39,33,12,42,15,10,9,37,34,25,7,16,45,17,4,5,19,3,31,24,18,30,14,32,26,40,44,38,10,43,25,37,48,13,8,34,15,11,9,31,2,46,39,3,7,28,16,38,24,5,42,18,40,27,22,4,37,47,26,33,17,6,10,14,19,32,15,12,44,25,39,43,46,7,48,42,8,34,31,28,9,11,2,30,3,45,40,5,13,24,27,18,38,37,4,47,32,39,46,11,26,10,34,28,12,16,44,15,31,19,7,25,42,2,17,3,48,43,37,8,18,33,40,14,22,10,38,6,46,27,26,39,15,24,9,4,42,32,25,7,34,28,11,30,48,31,3,19,5,44,12,8,13,40,18,45,2,37,27,47,46,33,39,17,14,10,16,22,38,43,15,42,24,6,34,28,9,31,26,48,30,4,25,11,40,7,32,46,39,3,44,10,8,12,18,38,37,2,13,5,27,47,33,28,34,45,19,42,15,48,11,18,8,14,17,31,3,46,43,26,25,37,39,12,32,40,7,44,2,10,16,42,15,24,9,38,28,22,34,4,27,47,46,19,33,30,6,7,39,5,11,48,40,13,18,31,8,37,25,26,3,43,14,34,10,12,2,32,44,42,45,27,17,28,3,15,48,38,10,4,46,9,32,12,39,14,11,40,16,44,42,2,24,31,30,34,43,47,19,7,5,18,28,45,22,8,37,3,46,33,27,38,25,42,12,10,39,15,40,48,2,26,34,18,28,31,32,44,6,37,11,8,17,7,47,27,46,19,13,24,4,15,9,10,42,43,25,33,39,14,16,3,40,30,5,38,48,22,26,34,12,28,18,31,2,45,46,37,11,8,47,7,39,32,27,42,17,6,44,10,15,24,4,19,9,28,43,25,40,33,48,34,13,30,3,46,38,14,18,31,16,5,26,2,11,12,37,7,39,44,8,42,40,3,15,27,25,32,10,38,48,34,22,28,4,18,45,46,19,33,12,47,43,37,42,7,39,24,9,5,2,17,31,26,30,11,8,14,6,40,32,10,44,13,15,48,27,25,34,46,3,38,28,18,4,39,22,16,37,45,42,31,47,43,24,40,2,7,5,19,9,33,12,15,46,34,11,8,14,26,10,3,39,27,28,48,18,30,17,32,42,44,25,38,6,31,37,4,13,11,40,7,47,46,8,2,34,26,43,15,24,10,39,9,16,28,12,19,22,33,3,14,38,48,18,5,37,42,27,31,40,44,32,25,45,46,30,2,34,13,8,11,7,12,47,39,10,28,17,18,15,27,48,19,4,3,42,33,37,26,22,46,6,43,24,38,16,7,40,44,10,31,25,34,28,32,9,15,39,2,42,12,5,8,11,14,47,26,18,37,17,48,27,30,38,31,3,46,40,45,4,39,43,25,32,13,44,7,10,24,2,34,15,6,11,19,28,8,9,46,42,33,48,37,18,40,27,26,3,5,14,22,38,16,12,39,31,30,34,47,28,4,10,7,11,32,25,42,18,19,46,24,44,15,2,17,45,8,43,37,13,3,33,48,40,27,39,5,12,14,9,31,38,26,34,25,10,6,8,28,11,30,48,42,18,32,46,44,7,19,4,15,47,40,33,39,27,37,22,2,34,45,3,16,12,28,46,42,43,10,24,38,31,18,26,17,7,25,29,8,37,44,13,2,15,11,3,40,5,48,32,14,39,9,31,6,38,43,46,47,4,30,26,34,28,16,22,24,10,19,42,18,27,7,33,12,40,15,25,37,8,29],"s":1024,"weight":"READin"}