{"C":1.00000000000000000000e+00,"N":223,"WCE":1.79769313486231570815e+308,"entropy":7.09061326111795064975e-01,"genvec":[1,82,34,84,77,62,76,39,18,44,20,108,79,104,35,43,64,24,98,30,33,80,57,58,16,25,93,67,85,70,45,50,22,6,101,9,19,40,54,51,65,46,107,12,11,14,26,75,27,10,32,88,83,24,30,86,97,109,101,66,46,52,72,19,40,53,4,49,110,48,11,65,71,107,8,7,105,64,22,54,60,6,75,94,21,91,92,51,15,96,56,33,90,40,27,16,14,93,9,13,87,73,88,103,109,58,53,12,37,100,83,71,97,110,22,21,95,51,4,94,48,67,98,15,50,92,26,31,38,101,40,7,90,75,65,6,81,56,85,91,10,11,9,16,54,60,49,105,14,33,45,25,97,72,109,107,8,19,103,64,37,101,46,6,13,87,86,96,81,69,56,75,88,83,11,90,10,91,80,110,54,52,99,94,65,38,7,32,58,100,60,53,105,67,4,51,97,14,40,9,73,12,49,95,109,72,45,21,25,37,81,85,78,48,83,110,15,8,19,46,91,56,103,94,87,13,6,22,64,61,107,10,96,27,69,86,75,33,100,90,97,52,14,88,65,80,89,105,11,36,38,99,16,54,60,51,31,21,71,93,92,57,4,110,53,101,58,72,56,73,6,26,91,94,49,37,10,83,15,24,9,46,40,25,78,7,95,98,109,81,87,53,30,67,96,100,97,66,101,12,56,88,37,32,19,13,69,110,4,72,106,94,31,21,75,103,89,9,14,71,90,83,40,29,50,92,51,22,48,109,8,26,54,85,15,6,49,91,61,65,107,64,105,10,73,7,87,86,33,56,46,37,97,94,100,45,81,52,12,19,11,80,25,110,36,88,78,16,31,60,98,21,57,106,58,14,75,51,13,66,90,24,69,27,38,93,4,99,67,103,10,72,95,83,96,9,101,15,46,97,6,105,56,91,87,94,85,100,81,89,109,110,8,40,64,22,30,7,37,48,86,26,88,71,92,29,73,54,70,65,5,106,36,32,19,80,99,21,107,14,52,90,49,61,75,78,103,6,53,100,66,56,94,4,51,48,27,105,58,5,60,31,89,72,38,69,110,97,91,83,11,37,50,95,45,8,101,87,65,46,9,13,57,98,15,12,81,14,88,32,40,25,67,86,36,53,10,33,21,56,96,75,94,19,54,26,80,110,22,30,29,92],"s":512,"weight":"READin"}