{"C":1.00000000000000000000e+00,"N":5981,"WCE":1.79769313486231570815e+308,"entropy":1.00000000000000000000e+00,"genvec":[1,1766,2505,2706,1617,2232,1341,1563],"s":8,"weight":"READin"}