{"C":1.00000000000000000000e+00,"N":2129,"WCE":1.79769313486231570815e+308,"entropy":9.99999999999997335465e-01,"genvec":[1,780,662,622,277,724,477,252,891,510,342,1011,613,603,658,827,388,494,807,635,366,375,1019,1051,439,893,521,495,333,490,1049,563,100,415,796,141,285,905,517,865,157,897,546,579,73,435,148,44,418,351,507,437,940,745,210,963,696,925,138,879,208,80,144,861,790,368,792,713,453,969,1045,446,162,110,506,518,682,560,524,68,567,344,793,962,363,685,1027,841,438,678,431,239,436,445,751,669,816,901,58,383,82,386,424,483,534,707,382,803,1015,459,242,443,460,935,645,268,76,469,119,350,485,425,961,231,251,825,302,834],"s":128,"weight":"READin"}