{"C":1.00000000000000000000e+00,"N":23,"WCE":1.79769313486231570815e+308,"entropy":2.66112596006331969534e-01,"genvec":[1,10,4,6,7,9,8,5,3,2,11,7,3,2,11,9,8,5,3,2,11,8,5,7,3,2,11,9,8,5,3,2,11,7,11,9,8,5,3,2,11,7,5,3,11,8,2,9,3,4,7,5,11,1,6,8,10,2,9,3,4,7,5,11,1,2,6,8,10,9,1,6,8,10,2,9,3,4,7,11,5,1,6,8,10,2,9,3,4,7,11,5,1,6,8,10,2,9,3,4,7,11,5,1,6,8,10,2,9,3,4,7,11,5,1,6,8,10,2,9,3,4,7,11,5,1,6,8,10,2,9,10,2,9,3,11,7,4,5,1,6,8,10,2,9,3,11,7,4,5,1,6,8,10,2,9,3,11,7,4,5,1,6,8,10,2,9,3,11,7,4,5,1,6,8,10,2,9,3,11,7,4,5,1,6,8,10,2,9,3,11,7,4,5,1,6,8,10,2,9,3,11,7,4,5,1,6,8,10,2,9,3,11,7,4,5,1,6,8,10,2,9,3,11,7,4,5,1,6,8,10,2,9,3,11,7,4,5,1,6,8,10,2,9,3,11,7,4,5,1,6,8,10,2,9,3,11,7,4,5,1,8,2,6,10,7,11,4,5,1,3,7,4,5,6,2,9,8,11,10,1,3,7,4,5,6,2,9,8,11,10,1,3,7,4,5,6,2,9,8,11,10,1,3,7,4,5,6,2,9,8,11,10,1,3,7,4,5,6,2,9,8,11,10,1,3,7,4,5,6,2,9,8,11,10,1,3,7,4,5,6,2,9,8,11,10,1,3,7,4,5,6,2,9,8,11,10,1,3,7,4,5,6,2,9,8,11,10,1,3,7,4,5,6,2,9,8,11,10,1,3,7,4,5,6,2,9,8,11,10,1,3,7,4,5,6,2,9,8,11,10,1,3,7,4,5,6,2,9,8,11,10,1,3,7,4,5,6,2,9,8,11,10,1,3,7,4,5,6,2,9,8,11,10,1,3,7,4,5,6,2,9,8,11,10,1,3,7,4,5,6,2,9,8,11,10,1,3,7,4,5,6,2,9,8,11,10,1,3,7,4,5,6,2,9,8,11,10,1,3,7,4,5,6,2,9,8,11,10,1,3,7,4,5,6,2,9,8,11,10,1,3,7,4,5,6,2,9,8,11,10,1,3,7,9,6,8,2,10,4,5,11,3,7,2,9,8,6,1,10,4,5,11,3,7,2,9,8,6,1,10,4,5,11,3,7,2,9,8,6,1,10,4,5,11,3,7,2,9,8,6,1,10,4,5,11,3,7,2,9,8,6,1,10,4,5,11,3,7,2,9,8,6,1,10,4,5,11,3,7,2,9,8,6,1,10,4,5,11,3,7,2,9,8,6,1,10,4,5,11,3,7,2,9,8,6,1,10,4,5,11,3,7,2,9,8,6,1,10,4,5,11,3,7,2,9,8,6,1,10,4,5,11,3,7,2,9,8,6,1,10,4,5,11,3,7,2,9,8,6,1,10,4,5,11,3,7,2,9,8,6,1,10,4,5,11,3,7,2,9,8,6,1,10,4,5,11,3,7,2,9,8,6,1,10,4,5,11,3,7,2,9,8,6,1,10,4,5,11,3,7,2,9,8,6,1,10,4,5,11,3,7,2,9,8,6,1,10,4,5,11,3,7,2,9,8,6,1,10,4,5,11,3,7,2,9,8,6,1,10,4,5,11,3,7,2,9,8,6,1,10,4,5,11,3,7,2,9,8,6,1,10,4,5,11,3,7,2,9,8,6,1,10,4,5,11,3,7,2,9,8,6,1,10,4,5,11,3,7,2,9,8,6,1,10,4,5,11,3,7,2,9,8,6,1,10,4,5,11,3,7,2,9,8,6,1,10,4,5,11,3,7,2,9,8,6,1,10,4,5,11,3,7,2,9,8,6,1,10,4,5,11,3,7,2,9,8,6,1,10,4,5,11,3,7,2,9,8,6,1,10,4,5,11,3,7,2,9,8,6,1,10,4,5,11,3,7,2,9,8,6,1,10,4,5,11,3,7,2,9,8,6,1,10,4,5,11,3,7,2,9,8,6,1,10,4,5,11,3,7,2,9,8,6,1,10,4,5,11,3,7,2,9,8,6,1,10,4,5,11,3,7,2,9,8,6,1,10,4,5,11,3,7,2,9,8,6,1,10,4,5,11,3,7,2,9,8,6,1,10,4,5,11,3,7,2,9,8,6,1,10,4,5,11,3,7,2,9,8,6,1,10,4,5,11,3,7,2,9,8,6,1,10,4,5,11,3,7,2,9,8,6,1,10,4,5,11,3,7,2,9,8,6,1,10,4,5,3,11,9,4,10,8,6,2,5,11,3,7,1,9,4,10,8,6,2,5,11,3,7,1,9,4,10,8,6,2,5,11,3,7,1,9,4,10,8,6,2,5,11,3,7,1,9,4,10,8,6,2,5,11,3,7,1,9,4,10,8,6,2,5,11,3,7,1,9,4,10,8,6,2,5,11,3,7,1,9,4,10,8,6,2,5,11,3,7,1,9,4,10,8,6,2,5,11,3,7,1,9,4,10,8,6,2,5,11,3,7,1,9,4,10,8,6,2,5,11,3,7,1,9,4,10,8,6,2,5,11,3,7,1,9,4,10,8,6,2,5,11,3,7,1,9,4,10,8,6,2,5,11,3,7,1,9,4,10,8,6,2,5,11,3,7,1,9,4,10,8,6,2,5,11,3,7,1,9,4,10,8,6,2,5,11,3,7,1,9,4,10,8,6,2,5,11,3,7,1,9,4,10,8,6,2,5,11,3,7,1,9,4,10,8,6,2,5,11,3,7,1,9,4,10,8,6,2,5,11,3,7,1,9,4,10,8,6,2,5,11,3,7,1,9,4,10,8,6,2,5,11,3,7,1,9,4,10,8,6,2,5,11,3,7,1,9,4,10,8,6,2,5,11,3,7,1,9,4,10,8,6,2,5,11,3,7,1,9,4,10,8,6,2,5,11,3,7,1,9,4,10,8,6,2,5,11,3,7,1,9,4,10,8,6,2,5,11,3,7,1,9,4,10,8,6,2,5,11,3,7,1,9,4,10,8,6,2,5,11,3,7,1,9,4,10,8,6,2,5,11,3,7,1,9,4,10,8,6,2,5,11,3,7,1,9,4,10,8,6,2,5,11,3,7,1,9,4,10,8,6,2,5,11,3,7,1,9,4,10,8,6,2,5,11,3,7,1,9,4,10,8,6,2,5,11,3,7,1,9,4,10,8,6,2,5,11,3,7,1,9,4,10,8,6,2,5,11,3,7,1,9,4,10,8,6,2,5,11,3,7,1,9,4,10,8,6,2,5,11,3,7,1,9,4,10,8,6,2,5,11,3,7,1,9,4,10,8,6,2,5,11,3,7,1,9,4,10,8,6,2,5,11,3,7,1,9,4,10,8,6,2,5,11,3,7,1,9,4,10,8,6,2,5,11,3,7,1,9,4,10,8,6,2,5,11,3,7,1,9,4,10,8,6,2,5,11,3,7,1,9,4,10,8,6,2,5,11,3,7,1,9,4,10,8,6,2,5,11,3,7,1,9,4,10,8,6,2,5,11,3,7,1,9,4,10,8,6,2,5,11,3,7,1,9,4,10,8,6,2,5,11,3,7,1,9,4,10,8,6,2,5,11,3,7,1,9,4,10,8,6,2,5,11,3,7,1,9,4,10,8,6,2,5,11,3,7,1,9,4,10,8,6,2,5,11,3,7,1,9,4,10,8,6,2,5,11,3,7,1,9,4,10,8,6,2,5,11,3,7,1,9,4,10,8,6,2,5,11,3,7,1,9,4,10,8,6,2,5,11,3,7,1,9,4,10,8,6,2,5,11,3,7,1,9,4,10,8,6,2,5,11,3,7,1,9,4,10,8,6,2,5,11,3,7,1,9,4,10,8,6,2,5,11,3,7,1,9,4,10,8,6,2,5,11,3,7,1,9,4,10,8,6,2,5,11,3,7,1,9,4,10,8,6,2,5,11,3,7,1,9,4,10,8,6,2,5,11,3,7,1,9,4,10,8,6,2,5,11,3,7,1,9,4,10,8,6,2,5,11,3,7,1,9,4,10,8,6,2,5,11,3,7,1,9,4,10,8,6,2,5,11,3,7,1,9,4,10,8,6,2,5,11,3,7,1,9,4,10,8,6,2,5,11,3,7,1,9,4,10,8,6,2,5,11,3,7,1,9,4,10,8,6,2,5,11,3,7,1,9,4,10,8,6,2,5,11,3,7,1,9,4,10,8,6,2,5,11,3,7,1,9,4,10,8,6,2,5,11,3,7,1,9,4,10,8,6,2,5,11,3,7,1,9,4,10,8,6,2,5,11,3,7,1,9,4,10,8,6,2,5,11,3,7,1,9,4,10,8,6,2,5,11,3,7,1,9,4,10,8,6,2,5,11,3,7,1,9,4,10,8,6,2,5,11,3,7,1,9,4,10,8,6,2,5,11,3,7,1,9,4,10,8,6,2,5,11,3,7,1,9,4,10,8,6,2,5,11,3,7,1,9,4,10,8,6,2,5,11,3,7,1,9,4,10,8,6,2,5,11,3,7,1,9,4,10,8,6,2,5,11,3,7,1,9,4,10,8,6,2,5,11,3,7,11,3,7,1,9,4,10,2,8,11,5,3,7,1,6,9,4,10,2,8,11,5,3,7,1,6,9,4,10,2,8,11,5,3,7,1,6,9,4,10,2,8,11,5,3,7,1,6,9,4,10,2,8,11,5,3,7,1,6,9,4,10,2,8,11,5,3,7,1,6,9,4,10,2,8,11,5,3,7,1,6,9,4,10,2,8,11,5,3,7,1,6,9,4,10,2,8,11,5,3,7,1,6,9,4,10,2,8,11,5,3,7,1,6,9,4,10,2,8,11,5,3,7,1,6,9,4,10,2,8,11,5,3,7,1,6,9,4,10,2,8,11,5,3,7,1,6,9,4,10,2,8,11,5,3,7,1,6,9,4,10,2,8,11,5,3,7,1,6,9,4,10,2,8,11,5,3,7,1,6,9,4,10,2,8,11,5,3,7,1,6,9,4,10,2,8,11,5,3,7,1,6,9,4,10,2,8,11,5,3,7,1,6,9,4,10,2,8,11,5,3,7,1,6,9,4,10,2,8,11,5,3,7,1,6,9,4,10,2,8,11,5,3,7,1,6,9,4,10,2,8,11,5,3,7,1,6,9,4,10,2,8,11,5,3,7,1,6,9,4,10,2,8,11,5,3,7,1,6,9,4,10,2,8,11,5,3,7,1,6,9,4,10,2,8,11,5,3,7,1,6,9,4,10,2,8,11,5,3,7,1,6,9,4,10,2,8,11,5,3,7,1,6,9,4,10,2,8,11,5,3,7,1,6,9,4,10,2,8,11,5,3,7,1,6,9,4,10,2,8,11,5,3,7,1,6,9,4,10,2,8,11,5,3,7,1,6,9,4,10,2,8,11,5,3,7,1,6,9,4,10,2,8,11,5,3,7,1,6,9,4,10,2,8,11,5,3,7,1,6,9,4,10,2,8,11,5,3,7,1,6,9,4,10,2,8,11,5,3,7,1,6,9,4,10,2,8,11,5,3,7,1,6,9,4,10,2,8,11,5,3,7,1,6,9,4,10,2,8,11,5,3,7,1,6,9,4,10,2,8,11,5,3,7,1,6,9,4,10,2,8,11,5,3,7,1,6,9,4,10,2,8,11,5,3,7,1,6,9,4,10,2,8,11,5,3,7,1,6,9,4,10,2,8,11,5,3,7,1,6,9,4,10,2,8,11,5,3,7,1,6,9,4,10,2,8,11,5,3,7,1,6,9,4,10,2,8,11,5,3,7,1,6,9,4,10,2,8,11,5,3,7,1,6,9,4,10,2,8,11,5,3,7,1,6,9,4,10,2,8,11,5,3,7,1,6,9,4,10,2,8,11,5,3,7,1,6,9,4,10,2,8,11,5,3,7,1,6,9,4,10,2,8,11,5,3,7,1,6,9,4,10,2,8,11,5,3,7,1,6,9,4,10,2,8,11,5,3,7,1,6,9,4,10,2,8,11,5,3,7,1,6,9,4,10,2,8,11,5,3,7,1,6,9,4,10,2,8,11,5,3,7,1,6,9,4,10,2,8,11,5,3,7,1,6,9,4,10,2,8,11,5,3,7,1,6,9,4,10,2,8,11,5,3,7,1,6,9,4,10,2,8,11,5,3,7,1,6,9,4,10,2,8,11,5,3,7,1,6,9,4,10,2,8,11,5,3,7,1,6,9,4,10,2,8,11,5,3,7,1,6,9,4,10,2,8,11,5,3,7,1,6,9,4,10,2,8,11,5,3,7,1,6,9,4,10,2,8,11,5,3,7,1,6,9,4,10,2,8,11,5,3,7,1,6,9,4,10,2,8,11,5,3,7,1,6,9,4,10,2,8,11,5,3,7,1,6,9,4,10,2,8,11,5,3,7,1,6,9,4,10,2,8,11,5,3,7,1,6,9,4,10,2,8,11,5,3,7,1,6,9,4,10,2,8,11,5,3,7,1,6,9,4,10,2,8,11,5,3,7,1,6,9,4,10,2,8,11,5,3,7,1,6,9,4,10,2,8,11,5,3,7,1,6,9,4,10,2,8,11,5,3,7,1,6,9,4,10,2,8,11,5,3,7,1,6,9,4,10,2,8,11,5,3,7,1,6,9,4,10,2,8,11,5,3,7,1,6,9,4,10,2,8,11,5,3,7,1,6,9,4,10,2,8,11,5,3,7,1,6,9,4,10,2,8,11,5,3,7,1,6,9,4,10,2,8,11,5,3,7,1,6,9,4,10,2,8,11,5,3,7,1,6,9,4,10,2,8,11,5,3,7,1,6,9,4,10,2,8,11,5,3,7,1,6,9,4,10,2,8,11,5,3,7,1,6,9,4,10,2,8,11,5,3,7,1,6,9,4,10,2,8,11,5,3,7,1,6,9,4,10,2,8,11,5,3,7,1,6,9,4,10,2,8,11,5,3,7,1,6,9,4,10,2,8,11,5,3,7,1,6,9,4,10,2,8,11,5,3,7,1,6,9,4,10,2,8,11,5,3,7,1,6,9,4,10,2,8,11,5,3,7,1,6,9,4,10,2,8,11,5,3,7,1,6,9,4,10,2,8,11,5,3,7,1,6,9,4,10,2,8,11,5,3,7,1,6,9,4,10,2,8,11,5,3,7,1,6,9,4,10,2,8,11,5,3,7,1,6,9,4,10,2,8,11,5,3,7,1,6,9,4,10,2,8,11,5,3,7,1,6,9,4,10,2,8,11,5,3,7,1,6,9,4,10,2,8,11,5,3,7,1,6,9,4,10,2,8,11,5,3,7,1,6,9,4,10,2,8,11,5,3,7,1,6,9,4,10,2,8,11,5,3,7,1,6,9,4,10,2,8,11,5,3,7,1,6,9,4,10,2,8,11,5,3,7,1,6,9,4,10,2,8,11,5,3,7,1,6,9,4,10,2,8,11,5,3,7,1,6,9,4,10,2,8,11,5,3,7,1,6,9,4,10,2,8,11,5,3,7,1,6,9,4,10,2,8,11,5,3,7,1,6,9,4,10,2,8,11,5,3,7,1,6,9,4,10,2,8,11,5,3,7,1,6,9,4,10,2,8,11,5,3,7,1,6,9,4,10,2,8,11,5,3,7,1,6,9,4,10,2,8,11,5,3,7,1,6,9,4,10,2,8,11,5,3,7,1,6,9,4,10,2,8,11,5,3,7,1,6,9,4,10,2,8,11,5,3,7,1,6,9,4,10,2,8,11,5,3,7,1,6,9,4,10,2,8,11,5,3,7,1,6,9,4,10,2,8,11,5,3,7,1,6,9,4,10,2,8,11,5,3,7,1,6,9,4,10,2,8,11,5,3,7,1,6,9,4,10,2,8,11,5,3,7,1,6,9,4,10,2,8,11,5,3,7,1,6,9,4,10,2,8,11,5,3,7,1,6,9,4,10,2,8,11,5,3,7,1,6,9,4,10,2,8,11,5,3,7,1,6,9,4,10,2,8,11,5,3,7,1,6,9,4,10,2,8,11,5,3,7,1,6,9,4,10,2,8,11,5,3,7,1,6,9,4,10,2,8,11,5,3,7,1,6,9,4,10,2,8,