{"C":1.00000000000000000000e+00,"N":59,"WCE":1.79769313486231570815e+308,"entropy":6.75421512390271150394e-01,"genvec":[1,18,14,16,24,19,10,22,26,4,3,25,13,12,21,6,17,27,29,4,5,26,15,25,13,3,17,4,27,29,23,7,11,20,28,9,8,12,5,21,2,22,10,28,11,13,9,6,17,15,20,8,26,2,21,12,5,28,11,9,23,15,20,7,8,3,2,27,24,25,29,19,6,17,10,4,26,3,22,24,27,25,21,13,29,5,2,28,8,23,12,19,11,9,7,6,15,20,17,5,8,28,26,2,23,27,21,11,3,29,25,12,20,7,9,22,4,13,10,6,15,8,17,24,19,28,5,2],"s":128,"weight":"READin"}