{"C":1.00000000000000000000e+00,"N":277,"WCE":1.79769313486231570815e+308,"entropy":8.31738515533799738222e-01,"genvec":[1,106,117,125,131,87,109,36,85,33,121,115,127,90,113,120,88,77,21,70,26,34,28,20,124,94,110,48,128,93,133,49,63,14,99,67,100,45,6,22,58,8,105,61,129,75,135,68,13,79,126,83,10,96,52,55,46,44,62,42,35,122,30,17,91,82,6,100,114,19,123,66,107,47,8,14,101,119,58,69,99,135,60,105,5,32,6,129,82,63,108,91,111,23,67,51,45,132,114,123,112,68,8,101,37,29,22,71,81,100,14,78,47,19,104,10,83,31,96,79,137,61,102,16,107,13,25,118,116,6,56,66,60,67,55,4,34,119,124,114,99,77,69,135,5,75,105,37,91,54,126,32,45,82,17,11,28,70,46,89,6,129,50,26,42,22,58,60,122,35,81,59,63,119,55,19,4,9,71,124,94,114,68,56,52,66,77,101,128,108,51,83,23,78,32,67,5,18,82,14,91,48,116,30,37,34,8,137,72,112,49,31,105,99,69,44,47,110,50,135,20,54,119,11,102,46,6,63,103,17,19,75,45,42,24,132,123,136,40,122,78,96,111,81,29,59,104,38,60,16,9,130,91,70,28,10],"s":256,"weight":"READin"}