{"C":1.00000000000000000000e+00,"N":29,"WCE":1.79769313486231570815e+308,"entropy":7.19888487921943487358e-01,"genvec":[1,12,8,9,6,14,13,11,2,5,4,10,3,7,2,5,3,7,4,10,3,7,13,11,4,10,6,14,7,3,2,5],"s":32,"weight":"READin"}