{"C":1.00000000000000000000e+00,"N":2053,"WCE":1.79769313486231570815e+308,"entropy":1.00000000000000000000e+00,"genvec":[1,863,480,794,874,221,248,270],"s":8,"weight":"READin"}