{"C":1.00000000000000000000e+00,"N":41,"WCE":1.79769313486231570815e+308,"entropy":9.99999999999999777955e-01,"genvec":[1,17,15,9,19,6,10,4,16,14,18,7,5,2,11,12],"s":16,"weight":"READin"}