{"C":1.00000000000000000000e+00,"N":2417,"WCE":1.79769313486231570815e+308,"entropy":1.00000000000000000000e+00,"genvec":[1,919,548,507,876,361,591,655],"s":8,"weight":"READin"}