{"C":1.00000000000000000000e+00,"N":107,"WCE":1.79769313486231570815e+308,"entropy":6.16183719211381375480e-01,"genvec":[1,47,41,38,49,28,48,32,6,42,17,35,10,46,27,8,44,50,39,18,52,21,5,4,26,45,12,14,15,40,37,50,44,18,39,11,3,20,29,43,24,51,9,26,44,34,4,11,18,21,35,5,3,17,14,20,15,12,39,52,42,50,36,22,45,26,37,40,46,43,24,4,29,51,9,11,7,6,8,45,44,40,23,5,43,26,18,37,15,39,24,14,10,44,4,17,11,46,9,21,35,20,52,50,6,51,8,27,34,29,42,45,7,12,43,13,18,37,15,11,3,40,23,10,44,26,36,8,14,51,24,39,43,7,17,2,5,27,46,22,29,4,9,50,45,35,52,19,30,16,34,14,24,21,18,20,37,3,11,51,53,13,12,15,42,22,39,7,27,2,25,46,45,16,29,6,5,43,40,37,19,36,26,9,23,4,34,11,30,50,24,52,14,44,20,51,31,18,33,16,21,3,35,10,53,17,13,23,25,4,29,22,15,12,7,40,43,9,19,2,34,45,8,5,11,26,6,37,46,14,53,39,36,30,24,42,16,31,25,20,52,51,33,27,44,43,7,9,13,2,23,17,3,10,19,35,29,11,12,15,40,16,50,18,22,31,21,24,34,30,33,29,4,51,53,45,36,40,5,6,14,16,26,22,21,39,37,50,15,8,52,24,18,23,25,31,11,30,27,12,42,29,7,5,33,13,43,9,2,45,36,20,51,22,52,34,19,16,4,53,46,14,3,25,39,37,40,24,30,21,31,6,11,23,50,26,18,10,33,44,8,45,29,36,7,27,15,43,51,13,2,12,34,9,16,19,37,53,22,20,42,31,3,5,25,24,30,14,39,23,52,4,40,11,17,35,21,16,9,51,33,26,7,6,15,43,36,29,44,53,10,31,13,2,25,46,34,12,19,8,11,40,37,45,18,23,7,22,3,5,27,30,24,43,29,14,4,33,13,16,50,52,51,20,9,42,34,35,31,2,53,19,15,25,17,12,21,39,11,26,36,10,16,23,6,22,40,33,9,7,46,45,24,4,53,30,29,44,14,43,5,3,18,13,37,51,31,25,20,8,52,19,2,34,27,36,21,11,23,16,15,39,50,24,33,26,45,22,10,14,6,9,35,42,30,53,51,40,29,43,12,31,25,4,7,17,13,16,3,37,19,46],"s":512,"weight":"READin"}