{"C":1.00000000000000000000e+00,"N":31,"WCE":1.79769313486231570815e+308,"entropy":4.30490190490399160517e-01,"genvec":[1,13,12,11,14,8,3,4,5,7,2,10,15,6,9,7,5,15,2,10,6,9,15,3,8,5,2,14,10,4,6,9,7,15,5,2,14,8,10,3,6,4,7,5,15,9,2,10,3,8,6,14,4,5,7,9,15,2,10,6,8,14,9,5,7,2,3,15,4,10,6,7,2,3,15,9,10,4,7,6,5,15,2,9,3,8,7,10,14,6,4,5,2,9,15,3,10,8,7,6,5,2,9,14,15,4,10,6,7,9,8,5,3,2,15,14,4,10,6,9,7,5,2,8,3,15,10,9,6,14,4,7,2,5,6,14,15,4,5,7,2,3,9,8,10,6,14,5,2,15,9,7,4,6,10,3,8,5,2,9,7,15,6,10,14,4,3,8,5,9,2,7,15,6,10,9,14,4,5,2,3,15,7,10,8,6,9,2,5,14,15,7,4,6,10,9,3,8,11,12,1,13,2,5,14,15,7,4,6,10,9,3,8,11,12,1,13,2,5,14,15,7,4,6,10,9,3,8,11,12,1,13,2,5,14,15,7,4,6,10,9,3,8,11,12,1,13,2,5,14,15,7,4,6,10,9,3,8,1,12,11,13,3,2,5,8,14,12,11,15,13,1,7,4,3,10,6,2,5,8,9,14,12,11,15,13,1,7,4,3,10,6,2,5,8,9,14,12,11,15,13,1,7,4,3,10,6,2,5,8,9,14,12,11,15,13,1,7,4,3,10,6,2,5,8,9,14,12,11,15,13,1,7,4,3,10,6,2,5,8,9,14,12,11,15,13,1,7,4,3,10,6,2,5,8,9,14,12,11,15,13,1,7,4,3,10,6,2,5,8,9,14,12,11,15,13,1,7,4,3,10,6,2,5,8,9,14,12,11,15,13,1,7,4,3,10,6,2,5,8,9,14,12,11,15,13,1,7,4,3,10,6,2,5,8,9,14,12,11,15,13,1,7,4,3,10,6,2,5,8,9,14,12,11,15,13,1,7,4,3,10,6,2,5,8,9,14,12,11,15,13,1,7,4,3,10,6,2,5,8,9,14,12,11,15,13,1,7,4,3,10,6,2,5,8,9,14,12,11,15,13,1,7,4,3,10,6,2,5,8,9,14,12,11,15,13,1,7,4,3,10,6,2,5,8,9,14,12,11,15,13,1],"s":512,"weight":"READin"}