{"C":1.00000000000000000000e+00,"N":53,"WCE":1.79769313486231570815e+308,"entropy":3.70970487006289595389e-01,"genvec":[1,23,11,12,25,8,20,17,9,5,19,13,16,3,18,10,4,14,22,24,2,7,26,15,4,14,9,5,6,21,13,19,3,16,24,22,2,7,26,15,10,18,21,6,14,4,5,9,15,26,24,22,3,16,2,7,10,18,14,4,6,21,13,19,24,22,8,25,15,26,9,5,2,7,3,16,10,18,22,24,25,8,21,6,15,26,2,7,14,4,10,18,19,13,3,16,24,22,2,7,9,5,21,6,15,26,14,4,10,18,13,19,25,8,21,6,22,24,15,26,2,7,16,3,5,9,19,13,10,18,14,4,21,6,22,24,2,7,3,16,17,20,8,25,10,18,15,26,14,4,24,22,6,21,5,9,2,7,17,20,15,26,3,16,14,4,10,18,24,22,21,6,19,13,8,25,2,7,9,5,15,26,17,20,21,6,14,4,24,22,3,16,10,18,19,13,2,7,8,25,9,5,15,26,21,6,20,17,14,4,22,24,3,16,18,10,2,7,13,19,15,26,21,6,24,22,4,14,10,18,3,16,2,7,9,5,13,19,8,25,17,20,6,21,15,26,24,22,2,7,3,16,18,10,14,4,15,26,9,5,17,20,24,22,21,6,8,25,13,19,26,15,2,7,9,5,6,21,20,17,8,25,24,22,13,19,3,16,2,7,9,5,14,4,6,21,15,26,20,17,10,18,24,22,14,4,3,16,26,15,2,7,6,21,13,19,5,9,8,25,20,17,24,22,18,10,2,7,16,3,26,15,14,4,6,21,22,24,13,19,18,10,8,25,2,7,9,5,17,20,21,6,15,26,4,14,16,3,24,22,19,13,18,10,2,7,3,16,26,15,17,20,22,24,6,21,4,14,9,5,8,25,2,7,19,13,18,10,6,21,26,15,5,9,14,4,20,17,16,3,22,24,7,2,26,15,21,6,8,25,17,20,24,22,18,10,4,14,3,16,13,19,5,9,2,7,21,6,15,26,8,25,18,10,22,24,19,13,7,2,16,3,20,17,4,14,9,5,21,6,26,15,24,22,7,2,13,19,3,16,18,10,8,25,21,6,17,20,26,15,14,4,9,5,24,22,2,7,6,21,19,13,18,10,8,25,15,26,14,4,16,3,20,17,24,22,2,7,5,9,6,21,15,26,18,10,14,4,3,16,13,19,22,24,17,20,7,2,6,21,9,5,22,24,8,25,20,17,15,26,2,7,6,21,9,5,14,4,16,3,24,22,20,17,15,26,18,10,2,7,8,25,19,13,6,21,22,24,4,14,18,10,15,26,3,16,2,7,9,5,17,20,6,21,13,19,8,25,22,24,14,4,15,26,18,10,3,16,2,7,21,6,5,9,13,19,22,24,17,20,14,4,3,16,15,26,2,7,18,10,6,21,8,25,24,22,17,20,15,26,9,5,14,4,6,21,19,13,2,7,3,16,22,24,18,10,15,26,8,25,17,20,7,2,6,21,9,5,14,4,13,19,3,16,22,24,18,10,15,26,2,7,6,21,25,8,20,17,5,9,14,4,19,13,16,3,22,24,7,2,18,10,15,26,6,21,22,24,4,14,17,20,3,16,26,15,5,9,2,7,13,19,6,21,25,8,18,10,22,24,14,4,17,20,3,16,26,15,6,21,9,5,2,7,13,19,25,8,18,10,22,24,2,7,15,26,6,21,14,4,17,20,3,16,9,5,19,13,22,24,18,10,2,7,8,25,6,21,26,15,14,4,17,20,3,16,24,22,9,5,13,19,2,7,6,21,15,26,18,10,14,4,3,16,22,24,17,20,8,25,15,26,6,21,2,7,5,9,13,19,18,10,14,4,3,16,24,22,17,20,26,15,6,21,2,7,5,9,25,8,19,13,18,10,4,14,6,21,22,24,15,26,2,7,3,16,20,17,22,24,18,10,14,4,3,16,26,15,13,19,6,21,9,5,2,7,25,8,17,20,24,22,2,7,3,16,18,10,26,15,14,4,6,21,13,19,9,5,8,25,20,17,22,24,2,7,6,21,26,15,18,10,14,4,3,16,13,19,9,5,22,24,2,7,6,21,20,17,25,8,15,26,18,10,14,4,3,16,22,24,13,19,2,7,9,5,6,21,26,15,17,20,4,14,3,16,22,24,18,10,25,8,2,7,19,13,6,21,5,9,15,26,20,17,4,14,6,21,24,22,3,16,18,10,26,15,2,7,8,25,13,19,9,5,6,21,4,14,17,20,24,22,2,7,3,16,26,15,18,10,22,24,13,19,25,8,2,7,9,5,21,6,17,20,14,4,15,26,3,16,18,10,24,22,2,7,13,19,6,21,9,5,4,14,15,26,3,16,17,20,8,25,18,10,15,26,6,21,24,22,20,17,3,16,2,7,8,25,13,19,5,9,6,21,4,14,26,15,18,10,24,22,2,7,20,17,3,16,26,15,22,24,4,14,6,21,18,10,8,25,13,19,2,7,9,5,17,20,3,16,26,15,22,24,6,21,4,14,18,10,2,7,13,19,3,16,9,5,25,8,20,17,15,26,6,21,22,24,2,7,4,14,18,10,26,15,22,24,3,16,17,20,6,21,13,19,5,9,2,7,8,25,4,14,18,10,15,26,6,21,24,22,20,17,3,16,2,7,13,19,9,5,4,14,26,15,6,21,8,25,18,10,22,24,2,7,19,13,3,16,9,5,20,17,4,14,6,21,26,15,22,24,2,7,18,10,8,25,3,16,13,19,5,9,6,21,17,20,4,14,26,15,24,22,2,7,3,16,18,10,15,26,22,24,4,14,6,21,20,17,8,25,5,9,2,7,13,19,6,21,26,15,18,10,3,16,22,24,4,14,20,17,2,7,5,9,13,19,25,8,6,21,26,15,18,10,22,24,2,7,3,16,4,14,17,20,26,15,6,21,9,5,13,19,8,25,2,7,24,22,3,16,18,10,14,4,17,20,6,21,26,15,22,24,2,7,5,9,13,19,3,16,18,10,8,25,6,21,4,14,26,15,20,17,22,24,2,7,3,16,13,19,9,5,6,21,4,14,18,10,26,15,22,24,2,7,17,20,25,8,3,16,13,19,5,9,6,21,2,7,24,22,26,15,18,10,14,4,20,17,3,16,22,24,26,15,6,21,4,14,18,10,8,25,13,19,2,7,5,9,6,21,17,20,26,15,22,24,3,16,2,7,13,19,25,8,18,10,4,14,9,5,6,21,26,15,20,17,22,24,2,7,3,16,4,14,18,10,13,19,6,21,9,5,8,25,26,15,2,7,22,24,20,17,3,16,6,21,4,14,13,19,5,9,2,7,26,15,18,10,22,24,3,16,20,17,8,25,6,21,4,14,26,15,22,24,18,10,2,7,13,19,3,16,5,9,6,21,20,17,4,14,15,26,22,24,2,7,25,8,18,10,6,21,13,19,5,9,2,7,3,16,24,22,20,17,26,15,4,14,6,21,8,25,18,10,13,19,5,9,2,7,3,16,22,24,26,15,17,20,4,14,6,21,15,26,18,10,8,25,2,7,24,22,13,19,3,16,20,17,5,9,6,21,14,4,15,26,2,7,22,24,18,10,3,16,13,19,6,21,4,14,9,5,20,17,8,25,2,7,24,22,15,26,6,21,18,10,19,13,3,16,4,14,9,5,2,7,15,26,22,24,20,17,6,21,8,25,18,10,3,16,13,19,2,7,22,24,14,4,26,15,21,6,9,5,17,20,8,25,2,7,18,10,3,16,19,13,24,22,15,26,4,14,21,6,5,9,17,20,2,7,3,16,22,24,15,26,18,10,4,14,21,6,19,13,25,8,9,5,2,7,17,20,3,16,22,24,26,15,6,21,14,4,18,10,19,13,2,7,8,25,9,5,17,20,6,21,15,26,22,24,3,16,14,4,18,10,2,7,19,13,22,24,3,16,15,26,17,20,6,21,5,9,14,4,8,25,18,10,2,7,24,22,26,15,6,21,17,20,3,16,19,13,2,7,9,5,25,8,22,24,18,10,4,14,26,15,21,6,17,20,2,7,3,16,19,13,24,22,26,15,18,10,4,14,21,6,9,5,8,25,2,7,13,19,3,16,22,24,17,20,6,21,26,15,4,14,9,5,18,10,2,7,8,25,6,21,19,13,22,24,15,26,16,3,17,20,14,4,18,10,2,7,9,5,21,6,26,15,22,24,14,4,16,3,17,20,19,13,2,7,9,5,8,25,6,21,18,10,26,15,22,24,4,14,3,16,17,20,2,7,24,22,26,15,21,6,18,10,19,13,25,8,5,9,2,7,3,16,17,20,4,14,24,22,26,15,6,21,18,10,19,13,3,16,2,7,9,5,8,25,22,24,20,17,21,6,4,14,15,26,2,7,18,10,19,13,16,3,24,22,26,15,6,21,4,14,9,5,17,20,25,8,2,7,18,10,19,13,3,16,24,22,21,6,26,15,4,14,5,9,2,7,17,20,8,25,6,21,24,22,15,26,18,10,4,14,16,3,19,13,2,7,5,9,6,21,17,20,22,24,26,15,3,16,4,14,18,10,19,13,2,7,8,25,5,9,6,21,26,15,17,20,24,22,2,7,3,16,18,10,19,13,4,14,6,21,24,22,26,15,25,8,17,20,9,5,2,7,16,3,18,10,4,14,24,22,6,21,26,15,19,13,21,6,2,7,26,15,17,20,8,25,5,9,6,21,19,13,3,16,2,7,24,22,18,10,4,14,26,15,17,20,3,16,9,5,19,13,21,6,8,25,2,7,24,22,18,10,26,15,4,14,6,21,9,5,17,20,8,25,2,7,13,19,3,16,22,24,26,15,18,10,4,14,21,6,2,7,9,5,19,13,16,3,24,22,17,20,26,15,4,14,6,21,18,10,25,8,2,7,22,24,20,17,16,3,26,15,9,5,14,4,6,21,19,13,2,7,18,10,22,24,3,16,26,15,17,20,8,25,21,6,5,9,2,7,13,19,4,14,22,24,18,10,26,15,21,6,16,3,17,20,4,14,9,5,2,7,24,22,25,8,19,13,6,21,26,15,18,10,2,7,16,3,24,22,17,20,4,14,15,26,5,9,6,21,13,19,25,8,18,10,2,7,3,16,22,24,17,20,15,26,4,14,6,21,9,5,2,7,13,19,3,16,18,10,24,22,25,8,20,17,26,15,21,6,4,14,5,9,2,7,19,13,3,16,22,24,18,10,26,15,4,14,21,6,17,20,8,25,2,7,22,24,9,5,6,21,19,13,3,16,26,15,18,10,2,7,4,14,24,22,20,17,25,8,21,6,15,26,5,9,2,7,19,13,16,3,18,10,4,14,22,24,17,20,6,21,15,26,8,25,2,7,9,5,16,3,13,19,18,10,22,24,4,14,21,6,26,15,17,20,2,7,16,3,24,22,18,10,4,14,26,15,6,21,9,5,13,19,8,25,2,7,17,20,16,3,22,24,18,10,26,15,4,14,21,6,9,5,13,19,2,7,8,25,17,20,22,24,16,3,6,21,26,15,2,7,18,10,4,14,9,5,13,19,21,6,22,24,25,8,17,20,26,15,2,7,3,16,18,10,4,14,22,24,19,13,6,21,9,5,2,7,26,15,3,16,20,17,8,25,18,10,24,22,4,14,6,21,26,15,17,20,5,9,2,7,3,16,13,19,24,22,14,4,21,6,18,10,26,15,8,25,2,7,9,5,13,19,16,3,20,17,22,24,6,21,4,14,15,26,18,10,2,7,16,3,22,24,17,20,25,8,13,19,9,5,21,6,2,7,26,15,4,14,18,10,24,22,3,16,17,20,6,21,26,15,14,4,5,9,2,7,19,13,25,8,18,10,6,21,22,24,15,26,2,7,3,16,20,17,5,9,4,14,13,19,21,6,22,24,25,8,18,10,2,7,15,26,16,3,17,20,22,24,14,4,9,5,6,21,13,19,2,7,3,16,26,15,18,10,8,25,20,17,22,24,14,4,6,21,26,15,9,5,2,7,13,19,3,16,18,10,22,24,4,14,6,21,26,15,17,20,8,25,2,7,9,5,19,13,6,21,18,10,16,3,24,22,14,4,15,26,2,7,17,20,9,5,25,8,21,6,13,19,22,24,2,7,16,3,18,10,26,15,4,14,17,20,21,6,22,24,3,16,13,19,5,9,2,7,25,8,18,10,15,26,4,14,6,21,20,17,22,24,2,7,16,3,15,26,9,5,19,13,4,14,18,10,21,6,25,8,22,24,2,7,20,17,15,26,3,16,9,5,19,13,21,6,4,14,18,10,22,24,2,7,15,26,3,16,20,17,25,8,22,24,21,6,18,10,14,4,19,13,9,5,2,7,15,26,21,6,17,20,25,8,22,24,3,16,2,7,18,10,19,13,4,14,9,5,15,26,21,6,17,20,3,16,24,22,2,7,15,26,14,4,18,10,25,8,21,6,13,19,5,9,2,7,22,24,3,16,17,20,15,26,4,14,18,10,21,6,22,24,19,13,25,8,2,7,5,9,3,16,17,20,26,15,21,6,14,4,18,10,24,22,2,7,13,19,3,16,9,5,26,15,14,4,21,6,20,17,25,8,22,24,2,7,18,10,15,26,16,3,19,13,9,5,21,6,4,14,20,17,22,24,2,7,25,8,18,10,15,26,21,6,19,13,9,5,2,7,16,3,22,24,4,14,20,17,15,26,21,6,18,10,25,8,22,24,2,7,3,16,19,13,5,9,4,14,20,17,6,21,15,26,18,10,25,8,2,7,22,24,3,16,13,19,5,9,21,6,4,14,26,15,