{"C":1.00000000000000000000e+00,"N":127,"WCE":1.79769313486231570815e+308,"entropy":5.80761527321104975563e-01,"genvec":[1,57,37,40,55,50,56,12,49,34,22,52,9,48,33,60,43,62,51,32,39,54,58,46,21,15,6,8,14,61,43,38,62,10,27,11,32,59,25,4,39,28,23,5,54,17,58,24,62,41,36,46,44,51,32,10,21,26,28,6,19,4,9,29,15,16,27,14,5,11,30,25,17,39,23,62,41,61,16,18,60,21,59,24,54,52,14,11,49,31,8,46,10,36,43,44,25,3,38,7,15,32,58,17,61,27,26,4,48,42,30,59,19,5,41,6,21,39,23,18,28,8,11,62,51,60,34,54,14,26,10,22,32,46,36,49,24,52,16,43,58,61,7,3,38,48,4,44,15,10,27,21,31,36,29,14,25,41,46,32,26,5,9,22,6,38,45,17,58,42,30,13,4,33,16,7,62,49,19,24,18,43,52,10,59,46,14,25,61,31,44,21,36,15,27,2,3,8,60,58,13,17,32,41,54,23,48,28,49,22,10,51,33,45,18,34,21,4,26,19,30,24,62,5,29,42,46,16,39,7,6,38,59,11,52,14,36,27,43,61,32,3,60,25,44,4,31,45,13,9,58,10,54,15,17,2,33,53,24,23,28,20,21,16,26,22,38,48,49,7,18,46,41,33,62,8,42,19,5,23,53,29,34,6,51,28,36,30,20,22,59,24,14,35,16,25,39,26,11,43,3,61,32,2,27,60,38,48,47,41,18,15,21,23,29,13,8,44,31,9,5,19,53,7,17,20,52,2,62,11,36,42,28,35,24,25,30,59,61,49,54,4,45,47,3,32,38,58,26,34,10,14,6,46,39,41,16,27,21,36,51,15,33,31,44,60,23,8,13,18,43,29,48,5,53,7,22,59,4,19,20,3,17,28,25,35,42,24,11,30,52,2,45,62,61,54,9,32,47,38,26,58,39,6,27,7,41,36,16,10,34,23,42,15,51,31,20,35,53,29,24,33,13,2,44,14,18,8,62,11,21,17,5,19,49,30,28,46,25,4,9,45,32,6,26,47,60,59,61,43,38,48,27,22,36,23,3,16,10,41,7,29,13,54,15,21,24,34,2,44,58,51,20,28,53,35,52,31,42,18,61,8,39,62,17,14,11,19,4,30,25,63,45,47,46,49,59,6,5,36,26,27,32,38,60,24,43,33,3,23,22,16,20,41,13,15,14,17,53,9,29,10,54,48,7,4,25,42,35,18,31,58,2,44,15,13,21,59,28,20,63,45,51,36,52,11,39,47,5,41,54,31,7,17,6,38,30,53,27,4,35,24,29,61,9,26,42,62,23,10,28,19,34,8,2,11,25,63,49,15,18,48,47,44,53,3,41,13,7,46,16,36,20,61,59,38,14,58,17,30,45,32,27,39,21,24,52,2,35,33,31,25,42,3,5,60,19,29,4,26,18,28,23,22,63,10,43,34,8,51,6,11,54,47,15,48,13,59,53,49,36,41,44,7,62,20,16,35,27,45,38,61,23,24,42,28,17,30,2,9,58,25,32,39,3,14,5,26,36,21,4,31,33,60,19,29,46,6,63,10,41,11,17,18,47,15,13,8,44,51,27,59,35,53,24,20,43,52,16,7,31,38,45,22,23,3,28,25,63,49,54,30,36,61,42,4,34,47,29,48,5,26,18,11,62,2,60,19,21,14,39,24,9,35,45,20,16,6,23,17,15,33,13,27,53,59,44,58,41,51,10,63,31,7,2,28,25,46,36,8,42,26,54,61,30,29,38,3,32,22,47,34,24,43,4,5,18,39,53,14,62,52,11,20,19,45,35,17,6,15,27,16,13,59,21,49,23,60,33,48,41,25,63,44,36,10,28,58,38,4,31,7,9,26,42,24,30,54,61,2,46,29,3,47,17,32,8,11,5,43,18,13,51,53,15,20,59,35,19,14,6,23,44,41,25,63,31,27,49,16,7,36,45,22,10,62,24,28,52,42,38,34,47,4,30,11,26,21,39,18,3,61,48,60,2,27,58,35,45,17,19,29,59,16,20,33,53,25,15,13,6,63,23,43,24,14,5,9,8,44,51,36,31,46,41,54,7,10,26,22,28,32,47,4,38,3,29,21,34,30,39,42,35,62,36,11,20,2,25,61,23,17,45,27,24,53,18,15,49,63,13,47,6,28,16,59,19,60,5,41,48,58,52,8,44,51,7,31,42,9,33,54,2,46,26,10,38,53,22,4,29,3,30,34,14,36,63,35,20,43,24,39,25,15,11,62,17,23,32,27,61,18,45,13,47,21,6,28,49,19,16,59,60,4,5,26,48,41,58,38,7,42,31,27,35,44,8,36,52,10,33,3,53,17],"s":1024,"weight":"READin"}