{"C":1.00000000000000000000e+00,"N":37,"WCE":1.79769313486231570815e+308,"entropy":4.81992914261565263967e-01,"genvec":[1,10,8,6,11,14,15,9,13,17,4,16,12,7,5,2,3,18,17,13,18,7,4,3,16,12,14,11,5,2,18,3,13,7,17,4,13,16,7,5,12,18,17,11,14,4,3,13,7,5,2,9,16,15,12,18,17,4,3,13,7,5,2,9,11,16,18,12,15,14,4,3,16,17,2,15,12,18,11,14,5,3,13,4,7,18,16,17,2,12,9,15,5,3,11,2,14,16,13,18,4,17,7,12,9,15,3,5,2,16,13,18,4,17,7,12,9,15,3,5,2,11,14,16,18,12,17,4,7,13,3,5,2,9,15,16,13,7,3,18,4,5,12,11,14,2,17,9,16,15,13,3,18,7,2,12,5,17,4,9,16,15,13,3,18,7,2,12,14,11,5,3,4,18,16,17,13,7,9,2,15,12,5,3,4,18,16,14,11,17,2,12,15,9,5,13,7,3,4,18,16,17,2,12,15,9,5,13,7,3,4,18,16,14,11,17,2,12,9,15,3,5,13,7,4,18,16,17,2,12,14,11,3,5,18,7,13,4,9,16,2,15,17,12,3,5,18,7,13,4,9,16,2,15,17,12],"s":256,"weight":"READin"}