{"C":1.00000000000000000000e+00,"N":41,"WCE":1.79769313486231570815e+308,"entropy":8.43729739420309710063e-01,"genvec":[1,17,15,9,19,6,10,4,16,14,18,7,5,2,11,12,8,13,20,3,8,13,20,16,18,3,14,5,11,2,7,12],"s":32,"weight":"READin"}