{"C":1.00000000000000000000e+00,"N":5119,"WCE":1.79769313486231570815e+308,"entropy":9.99999999999999777955e-01,"genvec":[1,1496,2334,2167,956,1787,687,1585,552,2394,2259,1981,2291,1988,1066,919],"s":16,"weight":"READin"}