{"C":1.00000000000000000000e+00,"N":11423,"WCE":1.79769313486231570815e+308,"entropy":1.00000000000000066613e+00,"genvec":[1,3377,4452,3022,3549,5153,3897,4796,4849,4114,1493,3088,1367,1739,1097,5126,1047,5348,2895,1177,3682,1715,3595,4636,4177,5240,4834,3169,1223,3639,5051,3995,2387,1849,3979,4768,4543,4649,3061,1862,5022,4045,4471,3214,1306,2348,5171,3564,1013,3505,2548,3365,3920,1646,977,4280,2653,1891,5356,1722,4514,3448,4559,2163],"s":64,"weight":"READin"}