{"C":1.00000000000000000000e+00,"N":809,"WCE":1.79769313486231570815e+308,"entropy":9.70567461208032611353e-01,"genvec":[1,240,309,223,297,110,290,63,282,75,237,341,276,226,317,176,372,261,91,85,161,154,68,338,390,148,104,112,285,67,97,253,358,396,398,313,18,370,196,299,38,115,325,84,108,111,49,385,210,283,66,102,32,366,227,271,152,339,284,244,144,188,228,268,400,193,181,190,24,185,260,184,384,137,378,277,217,146,350,179,199,395,203,14,327,248,117,205,23,174,222,232,163,402,43,159,136,93,364,132,361,386,51,295,167,394,177,314,123,47,12,78,171,35,192,305,180,392,333,397,200,399,323,107,170,207,53,312,56,165,235,355,169,272,42,201,204,114,64,182,54,292,230,20,212,124,275,266,72,380,139,153,322,365,260,149,375,95,186,45,387,393,109,71,27,288,30,44,318,92,359,287,34,326,340,301,241,65,331,198,310,219,119,255,221,249,265,320,289,11,81,213,101,137,105,342,56,300,267,122,328,29,96,401,278,349,216,232,79,291,15,42,46,242,201,117,343,143,254,20,31,36,355,251,203,146,87,248,43,114,8,235,193,212,209,217,281,165,190,400,327,272,273,184,266,64,347,13,129,90,374,204,167,158,54,295],"s":256,"weight":"READin"}