{"C":1.00000000000000000000e+00,"N":397,"WCE":1.79769313486231570815e+308,"entropy":1.00000000000000044409e+00,"genvec":[1,163,175,153,38,65,45,146,185,48,139,28,68,161,165,167,138,109,147,40,97,171,151,30,43,77,126,49,52,54,32,164],"s":32,"weight":"READin"}