{"C":1.00000000000000000000e+00,"N":163,"WCE":1.79769313486231570815e+308,"entropy":8.46130999241144765577e-01,"genvec":[1,62,43,67,21,57,28,36,22,50,35,26,10,15,6,59,69,68,51,33,47,73,80,64,27,8,11,37,17,46,4,76,13,79,20,72,49,61,44,14,19,74,69,41,12,16,70,65,27,5,63,80,53,13,51,7,64,73,47,71,66,52,20,25,18,19,42,55,68,44,12,30,72,79,54,49,17,11,14,74,32,41,80,33,38,18,70,56,78,8,13,61,55,24,37,30,46,58,68,44,16,79,9,65,63,12,19,52,20,17,25,53,66,42,78,76,80,70,27,5,73,64,72,14,71,4,41,44],"s":128,"weight":"READin"}