{"C":1.00000000000000000000e+00,"N":257,"WCE":1.79769313486231570815e+308,"entropy":9.22237009101465332606e-01,"genvec":[1,71,56,97,25,111,106,52,83,60,109,48,36,19,42,11,69,78,81,15,65,54,99,51,85,20,47,90,66,46,12,113,107,9,38,91,74,49,68,88,55,127,21,13,57,58,120,31,18,105,79,43,7,16,30,123,59,102,72,39,10,22,98,119,84,96,87,70,110,32,100,6,68,122,95,76,9,24,107,114,127,55,108,84,8,117,91,74,120,38,101,88,27,121,87,41,58,61,7,96,40,70,75,92,4,100,37,13,6,69,77,95,21,49,64,31,9,17,23,59,29,84,68,22,10,105,127,102],"s":128,"weight":"READin"}