{"C":1.00000000000000000000e+00,"N":37,"WCE":1.79769313486231570815e+308,"entropy":4.10963589215644187203e-01,"genvec":[1,10,8,6,11,14,15,9,13,17,4,16,12,7,5,2,3,18,17,13,18,7,4,3,16,12,14,11,5,2,18,3,13,7,17,4,13,16,7,5,12,18,17,11,14,4,3,13,7,5,2,9,16,15,12,18,17,4,3,13,7,5,2,9,11,16,18,12,15,14,4,3,16,17,2,15,12,18,11,14,5,3,13,4,7,18,16,17,2,12,9,15,5,3,11,2,14,16,13,18,4,17,7,12,9,15,3,5,2,16,13,18,4,17,7,12,9,15,3,5,2,11,14,16,18,12,17,4,7,13,3,5,2,9,15,16,13,7,3,18,4,5,12,11,14,2,17,9,16,15,13,3,18,7,2,12,5,17,4,9,16,15,13,3,18,7,2,12,14,11,5,3,4,18,16,17,13,7,9,2,15,12,5,3,4,18,16,14,11,17,2,12,15,9,5,13,7,3,4,18,16,17,2,12,15,9,5,13,7,3,4,18,16,14,11,17,2,12,9,15,3,5,13,7,4,18,16,17,2,12,14,11,3,5,18,7,13,4,9,16,2,15,17,12,3,5,18,7,13,4,9,16,2,15,17,12,14,11,3,5,18,2,11,14,3,16,9,15,12,2,5,17,7,13,4,18,3,16,14,11,2,9,12,15,5,3,7,4,18,13,17,16,2,9,12,15,5,3,7,4,18,13,17,16,14,11,2,3,5,12,18,7,4,9,13,17,16,15,2,3,5,12,18,11,14,4,7,9,16,17,13,15,2,3,5,12,18,4,7,9,16,17,13,15,2,3,5,12,18,11,14,4,16,3,7,2,9,17,13,15,12,5,18,4,16,3,14,11,2,17,9,12,15,5,7,18,13,2,16,3,4,17,9,12,15,5,7,18,13,2,16,3,14,11,4,17,12,18,5,7,9,13,2,15,3,16,4,17,12,18,5,11,14,2,7,3,9,13,16,15,12,17,4,18,5,2,7,3,11,9,16,12,15,14,2,17,13,18,5,4,3,7,16,9,12,15,2,17,13,18,5,4,3,11,14,16,12,9,15,2,17,7,18,13,5,4,3,16,12,9,15,2,17,7,18,13,5,4,3,11,14,16,12,18,2,3,7,5,9,4,13,15,17,16,12,18,2,14,11,3,5,7,4,9,13,17,15,16,12,2,18,3,5,8,7,11,9,10,4,14,1,15,12,17,16,2,13,6,5,9,8,7,3,11,18,10,4,14,1,15,12,17,16,2,13,6,5,9,8,7,3,11,18,10,4,14,1,15,12,17,16,2,13,6,5,9,8,7,3,11,18,10,4,14,1,15,12,17,16,2,13,6,5,9,8,7,3,11,18,10,4,14,1,15,12,17,16,2,13,6,5,9,8,7,3,11,18,10,4,14,1,15,12,17,16,2,13,6,5,9,8,7,3,11,18,10,4,14,1,15,12,17,16,2,13,6,5,9,8,7,3,11,18,10,4,14,1,15,12,17,16,2,13,6,5,9,8,7,3,11,18,10,4,14,1,15,12,17,16,2,13,6,5,9,8,7,3,11,18,10,4,14,1,15,12,17,16,2,13,6,5,9,8,7,3,11,18,10,4,14,1,15,12,17,16,2,13,6,5,9,8,7,3,11,18,10,4,14,1,15,12,17,16,2,13,6,5,9,8,7,3,11,18,10,4,14,1,15,12,17,16,2,13,6,5,9,8,7,3,11,18,10,4,14,1,15,12,17,16,2,13,6,5,9,8,7,3,11,18,10,4,14,1,15,12,17,16,2,13,6,5,9,8,7,3,11,18,10,4,14,1,15,12,17,16,2,13,6,5,9,8,7,3,11,18,10,4,14,1,15,12,17,16,2,13,6,5,9,8,7,3,11,18,10,4,14,1,15,12,17,16,2,13,6,5,9,8,7,3,11,18,10,4,14,1,15,12,17,16,2,13,6,5,9,8,7,3,11,18,10,4,14,1,15,12,17,16,2,13,6,5,9,8,7,3,11,18,10,4,14,1,15,12,17,16,2,13,6,5,9,8,7,3,11,18,10,4,14,1,15,12,17,16,2,13,6,5,9,8,7,3,11,18,10,4,14,1,15,12,17,16,2,13,6,5,9,8,7,3,11,18,10,4,14,1,15,12,17,16,2,13,6,5,9,8,7,3,11,18,10,4,14,1,15,12,17,16,2,13,6,5,9,8,7,3,11,18,10,4,14,1,15,12,17,16,2,13,6,5,9,8,7,3,11,18,10,4,14,1,15,12,17,16,2,13,6,5,9,8,7,3,11,18,10,4,14,1,15,12,17,16,2,13,6,5,9,8,7,3,11,18,10,4,14],"s":1024,"weight":"READin"}