{"C":1.00000000000000000000e+00,"N":127,"WCE":1.79769313486231570815e+308,"entropy":9.99999999999999777955e-01,"genvec":[1,57,37,40,55,50,56,12,49,34,22,52,9,48,33,60],"s":16,"weight":"READin"}