{"C":1.00000000000000000000e+00,"N":37,"WCE":1.79769313486231570815e+308,"entropy":9.99999999999999777955e-01,"genvec":[1,10,8,6,11,14,15,9,13,17,4,16,12,7,5,2],"s":16,"weight":"READin"}