{"C":1.00000000000000000000e+00,"N":631,"WCE":1.79769313486231570815e+308,"entropy":1.00000000000000044409e+00,"genvec":[1,234,261,249,289,120,107,243,177,189,95,168,179,193,199,69,256,161,111,293,303,186,122,36,239,28,44,16,124,160,170,104],"s":32,"weight":"READin"}