{"C":1.00000000000000000000e+00,"N":467,"WCE":1.79769313486231570815e+308,"entropy":9.79719748448110050454e-01,"genvec":[1,196,130,180,223,81,217,95,169,204,210,110,37,64,189,194,35,131,44,127,109,166,227,157,71,57,96,229,67,103,113,172,108,23,84,38,99,160,106,126,176,164,94,136,161,58,208,144,191,159,14,17,6,40,76,165,15,92,216,142,174,132,135,16,18,170,185,218,167,175,188,56,104,43,140,101,20,148,25,22,173,116,118,133,54,206,39,219,12,153,209,50,31,154,222,80,72,126,52,115,195,10,212,188,56,61,225,178,146,158,185,82,147,170,87,66,140,69,83,68,11,48,18,51,38,62,231,148],"s":128,"weight":"READin"}