{"C":1.00000000000000000000e+00,"N":29,"WCE":1.79769313486231570815e+308,"entropy":5.85562802783056057798e-01,"genvec":[1,12,8,9,6,14,13,11,2,5,4,10,3,7,2,5,3,7,4,10,3,7,13,11,4,10,6,14,7,3,2,5,4,10,13,11,14,6,4,10,3,7,2,5,13,11,14,4,10,6,3,7,2,5,13,11,4,10,6,14,2,5,3,7],"s":64,"weight":"READin"}