{"C":1.00000000000000000000e+00,"N":19,"WCE":1.79769313486231570815e+308,"entropy":4.51669401289000238542e-01,"genvec":[1,8,7,2,3,5,9,6,4,4,5,3,9,6,4,5,3,6,9,4,3,4,6,9,2,5,3,4,6,9,8,1,7,7,2,5,3,4,6,9,8,1,7,2,5,3,4,6,9,8,1,7,2,5,3,4,6,9,8,1,7,2,5,3,4,6,9,8,1,7,4,6,9,8,1,7,2,5,3,4,6,9,8,1,7,2,5,3,4,6,9,8,1,7,2,5,3,4,6,9,8,1,7,2,5,3,4,6,9,8,1,7,2,5,3,4,6,9,8,1,7,2,5,3,4,6,9,8],"s":128,"weight":"READin"}