{"C":1.00000000000000000000e+00,"N":19,"WCE":1.79769313486231570815e+308,"entropy":2.64167397336906029093e-01,"genvec":[1,8,7,2,3,5,9,6,4,4,5,3,9,6,4,5,3,6,9,4,3,4,6,9,2,5,3,4,6,9,8,1,7,7,2,5,3,4,6,9,8,1,7,2,5,3,4,6,9,8,1,7,2,5,3,4,6,9,8,1,7,2,5,3,4,6,9,8,1,7,4,6,9,8,1,7,2,5,3,4,6,9,8,1,7,2,5,3,4,6,9,8,1,7,2,5,3,4,6,9,8,1,7,2,5,3,4,6,9,8,1,7,2,5,3,4,6,9,8,1,7,2,5,3,4,6,9,8,1,7,1,7,2,5,3,4,1,7,8,6,9,2,5,3,4,1,7,8,6,9,2,5,3,4,1,7,8,6,9,2,5,3,4,1,7,8,6,9,2,5,3,4,1,7,8,6,9,2,5,3,4,1,7,8,6,9,2,5,3,4,1,7,8,6,9,2,5,3,4,1,7,8,6,9,2,5,3,4,1,7,8,6,9,2,5,3,4,1,7,8,6,9,2,5,3,4,1,7,8,6,9,2,5,3,4,1,7,8,6,9,2,5,3,4,1,7,8,6,9,2,5,3,4,1,7,8,6,9,2,5,3,6,2,9,5,3,4,1,7,8,6,2,9,5,3,4,1,7,8,6,2,9,5,3,4,1,7,8,6,2,9,5,3,4,1,7,8,6,2,9,5,3,4,1,7,8,6,2,9,5,3,4,1,7,8,6,2,9,5,3,4,1,7,8,6,2,9,5,3,4,1,7,8,6,2,9,5,3,4,1,7,8,6,2,9,5,3,4,1,7,8,6,2,9,5,3,4,1,7,8,6,2,9,5,3,4,1,7,8,6,2,9,5,3,4,1,7,8,6,2,9,5,3,4,1,7,8,6,2,9,5,3,4,1,7,8,6,2,9,5,3,4,1,7,8,6,2,9,5,3,4,1,7,8,6,2,9,5,3,4,1,7,8,6,2,9,5,3,4,1,7,8,6,2,9,5,3,4,1,7,8,6,2,9,5,3,4,1,7,8,6,2,9,5,3,4,1,7,8,6,2,9,5,3,4,1,7,8,6,2,9,5,3,4,1,7,8,6,2,9,5,3,4,1,7,8,6,2,9,5,3,4,1,7,8,6,2,9,5,3,4,1,7,8,6,2,9,5,3,4,1,7,8,6,8,2,9,6,5,2,3,8,1,7,9,4,6,5,2,3,8,1,7,9,4,6,5,2,3,8,1,7,9,4,6,5,2,3,8,1,7,9,4,6,5,2,3,8,1,7,9,4,6,5,2,3,8,1,7,9,4,6,5,2,3,8,1,7,9,4,6,5,2,3,8,1,7,9,4,6,5,2,3,8,1,7,9,4,6,5,2,3,8,1,7,9,4,6,5,2,3,8,1,7,9,4,6,5,2,3,8,1,7,9,4,6,5,2,3,8,1,7,9,4,6,5,2,3,8,1,7,9,4,6,5,2,3,8,1,7,9,4,6,5,2,3,8,1,7,9,4,6,5,2,3,8,1,7,9,4,6,5,2,3,8,1,7,9,4,6,5,2,3,8,1,7,9,4,6,5,2,3,8,1,7,9,4,6,5,2,3,8,1,7,9,4,6,5,2,3,8,1,7,9,4,6,5,2,3,8,1,7,9,4,6,5,2,3,8,1,7,9,4,6,5,2,3,8,1,7,9,4,6,5,2,3,8,1,7,9,4,6,5,2,3,8,1,7,9,4,6,5,2,3,8,1,7,9,4,6,5,2,3,8,1,7,9,4,6,5,2,3,8,1,7,9,4,6,5,2,3,8,1,7,9,4,6,5,2,3,8,1,7,9,4,6,5,2,3,8,1,7,9,4,6,5,2,3,8,1,7,9,4,6,5,2,3,8,1,7,9,4,6,5,2,3,8,1,7,9,4,6,5,2,3,8,1,7,9,4,6,5,2,3,8,1,7,9,4,6,5,2,3,8,1,7,9,4,6,5,2,3,8,1,7,9,4,6,5,2,3,8,1,7,9,4,6,5,2,3,8,1,7,9,4,6,5,2,3,8,1,7,9,4,6,5,2,3,8,1,7,9,4,6,5,2,3,8,1,7,9,4,6,5,2,3,8,1,7,9,4,6,5,2,3,8,1,7,9,4,6,5,2,3,8,1,7,9,4,6,5,2,3,8,1,7,9,4,6,5,2,3,8,1,7,9,4,6,5,2,3,8,1,7,9,4,6,5,2,3,8,1,7,9,4,6,5,2,3,8,1,7,9,4,6,5,2,3,8,1,7,9,4,6,5,2,3,8,1,7,9,4,6,5,2,3,8,1,7,9,4,6,5,2,3,8,9,4,1,7,3,8,6,9,4,1,5,7,3,2,8,6,9,4,1,5,7,3,2,8,6,9,4,1,5,7,3,2,8,6,9,4,1,5,7,3,2,8,6,9,4,1,5,7,3,2,8,6,9,4,1,5,7,3,2,8,6,9,4,1,5,7,3,2,8,6,9,4,1,5,7,3,2,8,6,9,4,1,5,7,3,2,8,6,9,4,1,5,7,3,2,8,6,9,4,1,5,7,3,2,8,6,9,4,1,5,7,3,2,8,6,9,4,1,5,7,3,2,8,6,9,4,1,5,7,3,2,8,6,9,4,1,5,7,3,2,8,6,9,4,1,5,7,3,2,8,6,9,4,1,5,7,3,2,8,6,9,4,1,5,7,3,2,8,6,9,4,1,5,7,3,2,8,6,9,4,1,5,7,3,2,8,6,9,4,1,5,7,3,2,8,6,9,4,1,5,7,3,2,8,6,9,4,1,5,7,3,2,8,6,9,4,1,5,7,3,2,8,6,9,4,1,5,7,3,2,8,6,9,4,1,5,7,3,2,8,6,9,4,1,5,7,3,2,8,6,9,4,1,5,7,3,2,8,6,9,4,1,5,7,3,2,8,6,9,4,1,5,7,3,2,8,6,9,4,1,5,7,3,2,8,6,9,4,1,5,7,3,2,8,6,9,4,1,5,7,3,2,8,6,9,4,1,5,7,3,2,8,6,9,4,1,5,7,3,2,8,6,9,4,1,5,7,3,2,8,6,9,4,1,5,7,3,2,8,6,9,4,1,5,7,3,2,8,6,9,4,1,5,7,3,2,8,6,9,4,1,5,7,3,2,8,6,9,4,1,5,7,3,2,8,6,9,4,1,5,7,3,2,8,6,9,4,1,5,7,3,2,8,6,9,4,1,5,7,3,2,8,6,9,4,1,5,7,3,2,8,6,9,4,1,5,7,3,2,8,6,9,4,1,5,7,3,2,8,6,9,4,1,5,7,3,2,8,6,9,4,1,5,7,3,2,8,6,9,4,1,5,7,3,2,8,6,9,4,1,5,7,3,2,8,6,9,4,1,5,7,3,2,8,6,9,4,1,5,7,3,2,8,6,9,4,1,5,7,3,2,8,6,9,4,1,5,7,3,2,8,6,9,4,1,5,7,3,2,8,6,9,4,1,5,7,3,2,8,6,9,4,1,5,7,3,2,8,6,9,4,1,5,7,3,2,8,6,9,4,1,5,7,3,2,8,6,9,4,1,5,7,3,2,8,6,9,4,1,5,7,3,2,8,6,9,4,1,5,7,3,2,8,6,9,4,1,5,7,3,2,8,6,9,4,1,5,7,3,2,8,6,9,4,1,5,7,3,2,8,6,9,4,1,5,7,3,2,8,6,9,4,1,5,7,3,2,8,6,9,4,1,5,7,3,2,8,6,9,4,1,5,7,3,2,8,6,9,4,1,5,7,3,2,8,6,9,4,1,5,7,3,2,8,6,9,4,1,5,7,3,2,8,6,9,4,1,5,7,3,2,8,6,9,4,1,5,7,3,2,8,6,9,4,1,5,7,3,2,8,6,9,4,1,5,7,3,2,8,6,9,4,1,5,7,3,2,8,6,9,4,1,5,7,3,2,8,6,9,4,1,5,7,3,2,8,6,9,4,1,5,7,3,2,8,6,9,4,1,5,7,3,2,8,6,9,4,1,5,7,3,2,8,6,9,4,1,5,7,3,2,8,6,9,4,1,5,7,3,2,8,6,9,4,1,5,7,3,2,8,6,9,4,1,5,7,3,2,8,6,9,4,1,5,7,3,2,8,6,9,4,1,5,7,3,2,8,6,9,4,1,5,7,3,2,8,6,9,4,1,5,7,3,2,8,6,9,4,1,5,7,3,2,8,6,9,4,1,5,7,3,2,8,6,9,4,1,5,7,3,2,8,6,9,4,1,5,7,3,2,8,6,9,4,1,5,7,3,2,8,6,9,4,1,5,7,3,2,8,6,9,4,1,5,7,3,2,8,6,9,4,1,5,7,3,2,8,6,9,4,1,5,7,3,2,8,6,9,4,1,5,7,3,2,8,6,9,4,1,5,7,3,2,8,6,9,4,1,5,7,3,2,8,6,9,4,1,5,7,3,2,8,6,9,4,1,5,7,3,2,8,6,9,4,1,5,7,3,2,8,6,9,4,1,5,7,3,2,8,6,9,4,1,5,7,3,2,8,6,9,4,1,5,7,3,2,8,6,9,4,1,5,7,3,2,8,6,9,4,1,5,7,3,2,8,6,9,4,1,5,7,3,2,8,6,9,4,1,5,7,3,2,8,6,9,4,1,5,6,8,7,1,4,9,2,3,5,6,8,7,1,4,9,2,3,5,6,8,7,1,4,9,2,3,5,6,8,7,1,4,9,2,3,5,6,8,7,1,4,9,2,3,5,6,8,7,1,4,9,2,3,5,6,8,7,1,4,9,2,3,5,6,8,7,1,4,9,2,3,5,6,8,7,1,4,9,2,3,5,6,8,7,1,4,9,2,3,5,6,8,7,1,4,9,2,3,5,6,8,7,1,4,9,2,3,5,6,8,7,1,4,9,2,3,5,6,8,7,1,4,9,2,3,5,6,8,7,1,4,9,2,3,5,6,8,7,1,4,9,2,3,5,6,8,7,1,4,9,2,3,5,6,8,7,1,4,9,2,3,5,6,8,7,1,4,9,2,3,5,6,8,7,1,4,9,2,3,5,6,8,7,1,4,9,2,3,5,6,8,7,1,4,9,2,3,5,6,8,7,1,4,9,2,3,5,6,8,7,1,4,9,2,3,5,6,8,7,1,4,9,2,3,5,6,8,7,1,4,9,2,3,5,6,8,7,1,4,9,2,3,5,6,8,7,1,4,9,2,3,5,6,8,7,1,4,9,2,3,5,6,8,7,1,4,9,2,3,5,6,8,7,1,4,9,2,3,5,6,8,7,1,4,9,2,3,5,6,8,7,1,4,9,2,3,5,6,8,7,1,4,9,2,3,5,6,8,7,1,4,9,2,3,5,6,8,7,1,4,9,2,3,5,6,8,7,1,4,9,2,3,5,6,8,7,1,4,9,2,3,5,6,8,7,1,4,9,2,3,5,6,8,7,1,4,9,2,3,5,6,8,7,1,4,9,2,3,5,6,8,7,1,4,9,2,3,5,6,8,7,1,4,9,2,3,5,6,8,7,1,4,9,2,3,5,6,8,7,1,4,9,2,3,5,6,8,7,1,4,9,2,3,5,6,8,7,1,4,9,2,3,5,6,8,7,1,4,9,2,3,5,6,8,7,1,4,9,2,3,5,6,8,7,1,4,9,2,3,5,6,8,7,1,4,9,2,3,5,6,8,7,1,4,9,2,3,5,6,8,7,1,4,9,2,3,5,6,8,7,1,4,9,2,3,5,6,8,7,1,4,9,2,3,5,6,8,7,1,4,9,2,3,5,6,8,7,1,4,9,2,3,5,6,8,7,1,4,9,2,3,5,6,8,7,1,4,9,2,3,5,6,8,7,1,4,9,2,3,5,6,8,7,1,4,9,2,3,5,6,8,7,1,4,9,2,3,5,6,8,7,1,4,9,2,3,5,6,8,7,1,4,9,2,3,5,6,8,7,1,4,9,2,3,5,6,8,7,1,4,9,2,3,5,6,8,7,1,4,9,2,3,5,6,8,7,1,4,9,2,3,5,6,8,7,1,4,9,2,3,5,6,8,7,1,4,9,2,3,5,6,8,7,1,4,9,2,3,5,6,8,7,1,4,9,2,3,5,6,8,7,1,4,9,2,3,5,6,8,7,1,4,9,2,3,5,6,8,7,1,4,9,2,3,5,6,8,7,1,4,9,2,3,5,6,8,7,1,4,9,2,3,5,6,8,7,1,4,9,2,3,5,6,8,7,1,4,9,2,3,5,6,8,7,1,4,9,2,3,5,6,8,7,1,4,9,2,3,5,6,8,7,1,4,9,2,3,5,6,8,7,1,4,9,2,3,5,6,8,7,1,4,9,2,3,5,6,8,7,1,4,9,2,3,5,6,8,7,1,4,9,2,3,5,6,8,7,1,4,9,2,3,5,6,8,7,1,4,9,2,3,5,6,8,7,1,4,9,2,3,5,6,8,7,1,4,9,2,3,5,6,8,7,1,4,9,2,3,5,6,8,7,1,4,9,2,3,5,6,8,7,1,4,9,2,3,5,6,8,7,1,4,9,2,3,5,6,8,7,1,4,9,2,3,5,6,8,7,1,4,9,2,3,5,6,8,7,1,4,9,2,3,5,6,8,7,1,4,9,2,3,5,6,8,7,1,4,9,2,3,5,6,8,7,1,4,9,2,3,5,6,8,7,1,4,9,2,3,5,6,8,7,1,4,9,2,3,5,6,8,7,1,4,9,2,3,5,6,8,7,1,4,9,2,3,5,6,8,7,1,4,9,2,3,5,6,8,7,1,4,9,2,3,5,6,8,7,1,4,9,2,3,5,6,8,7,1,4,9,2,3,5,6,8,7,1,4,9,2,3,5,6,8,7,1,4,9,2,3,5,6,8,7,1,4,9,2,3,5,6,8,7,1,4,9,2,3,5,6,8,7,1,4,9,2,3,5,6,8,7,1,4,9,2,3,5,6,8,7,1,4,9,2,3,5,6,8,7,1,4,9,2,3,5,6,8,7,1,4,9,2,3,5,6,8,7,1,4,9,2,3,5,6,8,7,1,4,9,2,3,5,6,8,7,1,4,9,2,3,5,6,8,7,1,4,9,2,3,5,6,8,7,1,4,9,2,3,5,6,8,7,1,4,9,2,3,5,6,8,7,1,4,9,2,3,5,6,8,7,1,4,9,2,3,5,6,8,7,1,4,9,2,3,5,6,8,7,1,4,9,2,3,5,6,8,7,1,4,9,2,3,5,6,8,7,1,4,9,2,3,5,6,8,7,1,4,9,2,3,5,6,8,7,1,4,9,2,3,5,6,8,7,1,4,9,2,3,5,6,8,7,1,4,9,2,3,5,6,8,7,1,4,9,2,3,5,6,8,7,1,4,9,2,3,5,6,8,7,1,4,9,2,3,5,6,8,7,1,4,9,2,3,5,6,8,7,1,4,9,2,3,5,6,8,7,1,4,9,2,3,5,6,8,7,1,4,9,2,3,5,6,8,7,1,4,9,2,3,5,6,8,7,1,4,9,2,3,5,6,8,7,1,4,9,2,3,5,6,8,7,1,4,9,2,3,5,6,8,7,1,4,9,2,3,5,6,8,7,1,4,9,2,3,5,6,8,7,1,4,9,2,3,5,6,8,7,1,4,9,2,3,5,6,8,7,1,4,9,2,3,5,6,8,7,1,4,9,2,3,5,6,8,7,1,4,9,2,3,5,6,8,7,1,4,9,2,3,5,6,8,7,1,4,9,2,3,5,6,8,7,1,4,9,2,3,5,6,8,7,1,4,9,2,3,5,6,8,7,1,4,9,2,3,5,6,8,7,1,4,9,2,3,5,6,8,7,1,4,9,2,3,5,6,8,7,1,4,9,2,3,5,6,8,7,1,4,9,2,3,5,6,8,7,1,4,9,2,3,5,6,8,7,1,4,9,2,3,5,6,8,7,1,4,9,2,3,5,6,8,7,1,4,9,2,3,5,6,8,7,1,4,9,2,3,5,6,8,7,1,4,9,2,3,5,6,8,7,1,4,9,2,3,5,6,8,7,1,4,9,2,3,5,6,8,7,1,4,9,2,3,5,6,8,7,1,4,9,2,3,5,6,8,7,1,4,9,2,3,5,6,8,7,1,4,9,2,3,5,6,8,7,1,4,9,2,3,5,6,8,7,1,4,9,2,3,5,6,8,7,1,4,9,2,3,5,6,8,7,1,4,9,2,3,5,6,8,7,1,4,9,2,3,5,6,8,7,1,4,9,2,3,5,6,8,7,1,4,9,2,3,5,6,8,7,1,4,9,2,3,5,6,8,7,1,4,9,2,3,5,6,8,7,1,4,9,2,3,5,6,8,7,1,4,9,2,3,5,6,8,7,1,4,9,2,3,5,6,8,7,1,4,9,2,3,5,6,8,7,1,4,9,2,3,5,6,8,7,1,4,9,2,3,5,6,8,7,1,4,9,2,3,5,6,8,7,1,4,9,2,3,5,6,8,7,1,4,9,2,3,5,6,8,7,1,4,9,2,3,5,6,8,7,1,4,9,2,3,5,6,8,7,1,4,9,2,3,5,6,8,7,1,4,9,2,3,5,6,8,7,1,4,9,2,3,5,6,8,7,1,4,9,2,3,5,6,8,7,1,4,9,2,3,5,6,8,7,1,4,9,2,3,5,6,8,7,1,4,9,2,3,5,6,8,7,1,4,9,2,3,5,6,8,7,1,4,9,2,3,5,6,8,7,1,4,9,2,3,5,6,8,7,1,4,9,2,3,5,6,8,7,1,4,9,2,3,5,6,8,7,1,4,9,2,3,5,6,8,7,1,4,9,2,3,5,6,8,7,1,4,9,2,3,5,6,8,7,1,4,9,2,3,5,6,8,7,1,4,9,2,3,5,6,8,7,1,4,