{"C":1.00000000000000000000e+00,"N":3929,"WCE":1.79769313486231570815e+308,"entropy":9.99999999999997335465e-01,"genvec":[1,1628,1202,913,1781,1453,945,856,310,1424,1033,467,242,1640,611,1249,1120,1739,818,539,402,1169,1328,1373,1540,1582,1011,176,576,887,1791,883,292,732,811,927,1325,1216,962,1552,502,1657,1898,150,1300,514,774,522,742,1008,1504,1872,729,841,966,229,1182,1269,1352,999,1162,1648,648,1612,1322,1057,668,509,700,1342,725,1379,396,1357,1177,408,809,1585,588,487,757,1693,248,1809,361,217,1287,1892,1708,1900,490,1646,227,773,1421,1853,480,1505,1844,1520,550,1110,1213,470,1945,1902,1644,1420,840,1775,456,1597,904,1917,368,1532,711,1299,236,1930,392,1020,1716,845,986,578,84,1483],"s":128,"weight":"READin"}