{"C":1.00000000000000000000e+00,"N":47,"WCE":1.79769313486231570815e+308,"entropy":3.83337405694435084946e-01,"genvec":[1,13,11,10,6,4,9,15,7,14,16,22,23,7,8,19,5,3,21,12,6,18,16,2,5,14,17,3,20,12,21,8,9,22,4,19,23,18,15,7,2,22,14,17,21,9,23,20,3,4,5,16,18,12,2,19,7,15,6,22,21,20,17,23,8,14,3,5,18,2,19,16,12,4,9,5,3,8,14,17,18,2,20,12,16,22,19,21,5,23,3,17,18,2,20,8,14,12,15,7,22,9,4,21,6,16,19,5,23,17,20,3,2,18,8,12,14,21,22,15,20,18,2,17,19,3,5,8,12,7,16,23,6,9,4,7,16,23,20,17,19,5,2,18,3,12,21,14,22,17,20,16,2,18,12,19,21,3,8,5,23,17,14,20,2,18,22,4,16,6,7,9,5,23,15,3,19,12,21,17,20,8,2,18,14,22,12,16,20,17,3,5,19,4,21,23,18,2,7,8,9,15,6,22,14,21,12,17,20,3,16,2,19,5,23,18,8,17,7,3,4,5,9,12,20,22,14,15,21,2,18,23,16,19,6,17,20,8,22,12,21,14,2,3,18,5,8,17,19,20,23,16,4,7,3,5,9,12,2,18,15,22,21,12,19,17,2,20,18,14,23,16,6,21,9,15,22,4,7,17,12,3,8,20,19,2,5,18,23,14,21,17,3,16,2,20,12,22,18,8,19,5,17,6,14,9,21,15,23,20,2,22,8,12,7,3,18,16,5,17,19,4,20,21,2,23,3,14,18,15,12,8,9,22,21,17,20,6,14,2,16,5,19,12,18,8,3,7,17,23,20,2,22,21,4,19,15,5,18,12,16,3,20,17,14,23,9,8,2,21,22,6,7,5,19,4,18,17,12,16,3,20,23,15,14,2,21,9,22,8,5,18,12,17,20,19,3,2,16,7,23,5,6,8,17,18,14,21,22,4,20,12,19,15,3,2,21,9,8,7,23,17,18,5,16,22,20,12,2,14,3,19,17,18,5,8,6,20,16,23,4,21,19,3,2,15,12,14,22,20,18,17,21,9,8,12,5,2,7,22,17,23,16,3,19,20,18,5,4,14,6,15,21,23,2,9,8,7,3,17,12,20,16,18,22,19,5,2,21,12,17,14,8,3,20,18,15,23,4,19,21,22,6,16,2,7,5,9,17,12,14,20,8,3,18,23,2,22,15,8,18,21,3,17,19,5,23,20,16,4,12,18,2,14,3,17,21,19,22,20,8,5,12,2,18,16,17,3,7,23,19,5,6,20,8,15,9,22,21,2,14,12,18,17,16,23,20,3,4,14,21,19,2,18,5,8,22,17,12,20,3,15,7,23,9,16,6,4,21,19,5,2,18,17,22,12,20,8,14,3,16,23,7,17,2,5,18,19,21,12,20,3,8,15,22,14,2,9,17,6,21,23,18,4,20,16,5,19,12,22,7,8,17,3,2,18,14,21,15,23,20,9,12,5,16,19,2,3,17,8,18,20,22,21,6,14,4,23,5,15,7,12,19,17,3,2,18,8,20,16,22,21,12,9,14,2,17,5,23,18,3,20,8,19,16,6,4,21,22,7,17,5,2,12,19,18,20,23,15,3,14,8,21,9,17,22,2,12,20,16,5,18,14,3,4,23,17,7,6,19,8,21,15,22,2,20,18,12,5,16,9,23,3,17,14,2,20,21,8,19,12,18,5,22,4,15,7,3,17,23,16,6,19,20,2,21,18,8,14,12,5,22,17,9,2,20,3,16,23,7,4,5,18,19,17,12,21,8,3,14,15,20,22,2,18,21,12,19,16,6,17,23,20,5,8,9,2,3,14,18,17,22,7,4,21,23,15,19,12,20,16,5,3,2,18,8,14,17,6,22,21,20,9,12,8,2,5,19,23,7,15,3,18,16,17,4,14,22,20,21,12,2,18,5,19,8,3,23,17,20,16,6,9,21,14,2,22,12,15,7,4,5,18,23,17,3,19,8,20,21,2,22,16,12,18,14,17,5,20,3,8,19,23,2,18,21,17,12,7,9,15,6,22,16,5,4,20,19,3,23,14,2,8,21,18,17,12,20,3,5,16,19,2,7,22,17,9,23,6,8,5,18,15,14,4,20,21,12,3,16,19,2,17,22,7,23,18,20,8,5,12,9,21,15,3,14,2,17,18,22,8,20,12,21,19,16,6,4,14,23,5,17,3,2,18,20,19,16,7,12,22,15,21,9,8,2,5,23,17,3,20,18,14,4,6,22,21,19,12,8,17,2,20,5,18,16,3,23,7,15,9,14,12,17,2,21,22,8,20,19,18,5,3,23,4,16,6,7,17,19,2,5,12,20,22,18,21,8,14,3,15,23,9,16,17,21,18,14,22,2,8,3,20,12,17,21,18,14,15,23,4,19,3,5,2,16,20,22,12,9,8,17,7,21,18,2,23,6,19,5,16,20,3,17,14,4,22,12,18,8,21,15,20,2,19,23,3,5,7,17,9,16,12,18,14,22,8,2,21,20,6,15,23,5,19,4,3,17,18,7,12,16,22,20,2,21,14,8,9,17,3,5,23,18,19,12,2,20,16,17,22,21,8,14,6,15,18,5,4,3,23,20,19,2,12,21,9,17,7,22,8,14,15,18,3,5,12,20,2,16,19,23,17,21,6,8,18,20,22,4,14,5,3,2,17,12,9,16,7,23,19,21,18,15,20,8,3,5,2,22,12,17,14,21,18,4,20,23,19,16,6,3,7,17,2,5,8,9,22,12,14,15,21,20,18,23,2,19,16,17,3,5,8,12,20,18,22,4,21,14,2,17,3,19,23,7,16,6,5,9,8,20,12,15,22,18,21,2,17,14,3,8,20,19,12,5,18,23,17,2,16,7,22,4,21,9,6,15,20,19,23,5,3,8,18,14,17,12,2,21,22,20,16,18,4,3,19,5,7,23,17,2,12,16,9,14,8,21,6,22,20,15,18,17,5,3,12,19,2,8,7,23,20,21,22,4,14,17,18,3,16,5,2,19,12,20,15,9,23,21,8,6,14,17,18,22,2,20,3,5,16,12,19,7,4,17,23,18,21,8,3,2,5,19,20,15,12,22,9,14,16,17,18,21,23,2,3,20,8,6,7,5,17,12,19,22,4,16,18,14,21,2,20,3,23,15,9,8,5,12,17,18,14,22,2,20,21,8,19,6,17,7,3,16,23,5,18,4,12,19,15,20,22,2,21,9,14,8,17,3,12,5,18,16,23,20,2,7,22,17,21,19,6,4,15,3,14,8,18,12,5,20,23,2,16,9,21,22,17,7,19,3,12,8,5,18,2,20,17,14,23,16,3,18,21,4,19,20,15,6,22,2,5,12,8,9,17,14,23,21,7,3,16,18,20,2,19,17,12,5,22,8,15,18,20,23,4,21,3,14,2,19,17,12,16,5,6,9,7,22,8,20,18,2,21,23,17,3,14,15,12,19,5,8,20,22,18,16,2,17,3,21,12,14,4,9,23,20,5,6,16,7,19,22,17,2,18,8,21,3,12,15,20,19,23,18,5,4,17,14,2,22,21,8,9,6,7,16,3,20,23,5,17,18,12,2,19,16,22,20,21,14,15,4,3,12,8,18,5,17,2,7,23,19,3,20,21,9,8,6,15,22,14,12,17,18,2,5,16,20,23,19,4,21,3,18,17,14,8,12,22,2,20,5,9,16,7,23,17,3,19,21,18,2,12,8,15,20,22,5,6,14,17,18,23,16,4,7,3,19,21,2,20,12,5,8,9,22,17,14,15,6,18,23,21,2,20,3,16,19,12,8,5,17,7,22,18,2,4,19,21,3,20,23,16,14,17,12,9,5,8,18,2,22,15,20,21,12,3,14,17,8,18,19,23,5,2,20,6,16,7,22,4,9,21,15,12,3,17,14,18,23,20,2,5,19,8,3,17,16,7,12,22,21,18,2,19,20,5,4,6,23,16,17,9,14,3,8,21,15,12,22,20,18,2,5,19,17,23,7,8,3,14,18,21,2,12,20,16,22,17,4,5,9,6,19,23,15,7,3,8,21,18,2,20,12,14,17,22,16,5,19,4,6,23,20,18,15,21,3,8,2,14,17,12,9,22,5,20,16,18,23,19,2,21,3,17,7,8,12,5,22,20,4,14,15,18,6,9,16,23,17,2,19,21,3,7,8,12,5,20,22,2,18,17,14,16,3,19,12,21,8,20,2,18,17,23,5,3,19,4,15,7,22,12,21,9,20,8,14,6,17,23,16,18,5,2,3,19,20,21,4,22,15,12,18,14,8,17,2,5,23,9,16,20,3,7,12,21,22,17,2,19,18,8,5,6,14,23,20,15,3,4,16,18,21,19,12,17,2,22,20,5,8,9,7,23,3,17,14,16,6,18,2,21,12,19,20,22,15,8,5,17,18,23,14,3,4,21,2,20,12,9,16,22,7,5,17,19,6,8,2,18,23,3,21,20,15,14,12,17,19,16,22,4,5,18,20,2,3,8,21,12,14,9,17,23,7,5,18,16,2,22,19,20,3,12,8,17,21,15,6,14,23,18,4,20,5,19,2,3,16,7,17,22,12,9,21,8,2,18,23,5,20,15,19,3,17,12,14,8,21,22,18,2,20,16,6,7,4,5,23,9,17,3,19,16,12],"s":2048,"weight":"READin"}