{"C":1.00000000000000000000e+00,"N":137,"WCE":1.79769313486231570815e+308,"entropy":1.00000000000000044409e+00,"genvec":[1,31,51,37,12,33,30,14,9,59,29,23,40,27,32,49,22,8,45,21,5,48,38,36,20,55,18,19,13,67,61,65],"s":32,"weight":"READin"}