{"C":1.00000000000000000000e+00,"N":673,"WCE":1.79769313486231570815e+308,"entropy":1.00000000000000066613e+00,"genvec":[1,284,264,188,276,77,273,258,164,81,103,244,36,217,196,205,256,219,65,232,110,271,120,51,317,257,166,25,183,280,63,90,170,64,274,229,38,289,104,266,42,53,107,23,160,199,197,62,165,151,28,211,75,137,241,204,175,260,20,295,16,226,57,303],"s":64,"weight":"READin"}