{"C":1.00000000000000000000e+00,"N":17,"WCE":1.79769313486231570815e+308,"entropy":5.91722949298458034129e-01,"genvec":[1,7,4,6,8,5,2,3,3,2,5,8,3,2,5,8,3,4,5,1,8,6,2,7,3,4,5,1,8,6,2,7],"s":32,"weight":"READin"}