{"C":1.00000000000000000000e+00,"N":5323,"WCE":1.79769313486231570815e+308,"entropy":1.00000000000000044409e+00,"genvec":[1,2058,1927,1579,2245,745,2104,1654,2206,839,2303,809,1264,1723,1843,599,1289,2486,1254,2072,1898,707,1276,2154,698,2378,1708,1283,157,2347,517,1506],"s":32,"weight":"READin"}