{"C":1.00000000000000000000e+00,"N":59183,"WCE":1.79769313486231570815e+308,"entropy":9.99999999999999777955e-01,"genvec":[1,22607,34313,33195,16458,10948,33644,27169,41311,52476,15115,49915,27435,43539,10266,4754],"s":16,"weight":"READin"}