{"C":1.00000000000000000000e+00,"N":23971,"WCE":1.79769313486231570815e+308,"entropy":1.00000000000000044409e+00,"genvec":[1,9175,5267,6561,4698,7476,10967,10016,11382,9727,10756,4114,6249,4980,8641,7772,5717,3505,9907,2111,6795,11763,9782,8846,9372,3012,9260,1915,2516,3164,3233,9822],"s":32,"weight":"READin"}