{"C":1.00000000000000000000e+00,"N":17,"WCE":1.79769313486231570815e+308,"entropy":2.50007199245168842960e-01,"genvec":[1,7,4,6,8,5,2,3,3,2,5,8,3,2,5,8,3,4,5,1,8,6,2,7,3,4,5,1,8,6,2,7,3,4,5,1,8,6,2,7,3,4,5,1,8,6,2,7,3,4,5,1,8,6,2,7,3,4,5,1,8,6,2,7,3,4,5,1,8,6,2,7,3,4,5,1,8,6,2,7,5,1,3,4,8,6,2,7,3,4,5,1,8,6,2,7,3,4,5,1,8,6,2,7,5,1,3,4,8,6,2,7,3,4,5,1,8,6,2,7,3,4,5,1,8,6,2,7,3,4,5,1,8,6,2,7,3,4,5,1,8,6,2,7,3,4,5,1,8,6,2,7,3,4,5,1,8,6,2,7,3,4,5,1,8,6,2,7,3,4,5,1,8,6,2,7,3,4,5,1,8,6,2,7,3,4,5,1,8,6,2,7,3,4,5,1,8,6,2,7,3,4,5,1,8,6,2,7,3,4,5,1,8,6,2,7,3,4,5,1,8,6,2,7,5,1,3,4,8,6,2,7,3,4,5,1,8,6,2,7,3,4,5,1,8,6,2,7,3,4,5,1,8,6,2,7,3,4,5,1,8,6,2,7,3,4,5,1,8,6,2,7,5,1,3,4,8,6,2,7,5,1,3,4,8,6,2,7,3,4,5,1,8,6,2,7,3,4,5,1,8,6,2,7,3,4,5,1,8,6,2,7,3,4,5,1,8,6,2,7,3,4,5,1,8,6,2,7,3,4,5,1,8,6,2,7,3,4,5,1,8,6,2,7,3,4,5,1,8,6,2,7,3,4,5,1,8,6,2,7,5,1,3,4,8,6,2,7,5,1,3,4,8,6,2,7,3,4,5,1,8,6,2,7,5,1,3,4,8,6,2,7,3,4,5,1,8,6,2,7,3,4,5,1,8,6,2,7,3,4,5,1,8,6,2,7,3,4,5,1,8,6,2,7,3,4,5,1,8,6,2,7,3,4,5,1,8,6,2,7,3,4,5,1,8,6,2,7,3,4,5,1,8,6,2,7,3,4,5,1,8,6,2,7,3,4,5,1,8,6,2,7,3,4,5,1,8,6,2,7,3,4,5,1,8,6,2,7,3,4,5,1,8,6,2,7,3,4,5,1,8,6,2,7,3,4,5,1,8,6,2,7,3,5,1,4,3,5,4,1,8,2,7,6,3,5,1,4,8,2,7,6,3,5,1,4,8,2,7,6,3,5,1,4,8,2,7,6,3,5,1,4,8,2,6,7,3,5,1,4,8,2,7,6,3,5,1,4,8,2,7,6,3,5,1,4,8,2,6,7,3,5,1,4,8,2,7,6,3,5,1,4,8,2,7,6,5,3,1,4,8,2,7,6,5,3,1,4,8,2,7,6,3,5,1,4,8,2,6,7,3,5,1,4,8,2,6,7,3,5,1,4,8,2,6,7,3,5,4,1,8,2,7,6,3,5,4,1,8,2,7,6,3,5,1,4,8,2,6,7,3,5,1,4,8,2,7,6,3,5,1,4,8,2,7,6,3,5,1,4,8,2,7,6,3,5,1,4,8,2,6,7,3,5,1,4,8,2,7,6,5,3,1,4,8,2,6,7,3,5,1,4,8,2,7,6,3,5,1,4,8,2,7,6,3,5,1,4,8,2,6,7,5,3,4,1,8,2,6,7,3,5,1,4,8,2,6,7,3,5,1,4,8,2,6,7,3,5,1,4,8,2,7,6,3,5,1,4,8,2,6,7,5,3,1,4,8,2,6,7,3,5,1,4,8,2,6,7,3,5,4,1,8,2,6,7,3,5,1,4,8,2,6,7,3,5,1,4,8,2,7,6,3,5,4,1,8,2,6,7,3,5,1,4,8,2,7,6,3,5,1,4,8,2,6,7,3,5,1,4,8,2,7,6,5,3,4,1,8,2,6,7,5,3,1,4,8,2,6,7,3,5,1,4,8,2,7,6,3,5,1,4,8,2,7,6,3,5,1,4,8,2,7,6,3,5,1,4,8,2,6,7,3,5,4,1,8,2,6,7,3,5,1,4,8,2,7,6,3,5,4,1,8,2,6,7,3,5,1,4,8,2,7,6,3,5,1,4,8,2,7,6,3,5,1,4,8,2,7,6,3,5,1,4,8,2,6,7,3,5,4,1,8,2,6,7,3,5,1,4,2,8,7,6,3,5,1,4,2,8,6,7,3,5,1,4,8,2,7,6,3,5,1,4,8,2,6,7,3,5,1,4,8,2,6,7,3,5,1,4,8,2,6,7,3,5,1,4,2,8,7,6,3,5,1,4,8,2,6,7,5,3,1,4,2,8,7,6,3,2,5,8,1,7,4,6,3,2,5,8,1,7,4,6,3,2,5,8,1,7,4,6,5,8,3,2,1,7,4,6,3,2,5,8,1,7,4,6,3,2,5,8,1,7,4,6,5,8,3,2,1,7,4,6,3,2,5,8,1,7,4,6,3,2,5,8,1,7,4,6,5,8,3,2,1,7,4,6,5,8,3,2,1,7,4,6,3,2,5,8,1,7,4,6,3,2,5,8,1,7,4,6,3,2,5,8,1,7,4,6,3,2,5,8,1,7,4,6,3,2,5,8,1,7,4,6,3,2,5,8,1,7,4,6,3,2,5,8,1,7,4,6,3,2,5,8,1,7,4,6,3,2,5,8,1,7,4,6,3,2,5,8,1,7,4,6,5,8,3,2,1,7,4,6,3,2,5,8,1,7,4,6,3,2,5,8,1,7,4,6,3,2,5,8,1,7,4,6,3,2,5,8,1,7,4,6,3,2,5,8,1,7,4,6,3,2,5,8,1,7,4,6,3,2,5,8,1,7,4,6,3,2,5,8,1,7,4,6,3,2,5,8,1,7,4,6,3,2,5,8,1,7,4,6,3,2,5,8,1,7,4,6,3,2,5,8,1,7,4,6,3,2,5,8,1,7,4,6,3,2,5,8,1,7,4,6,3,2,5,8,1,7,4,6,3,2,5,8,1,7,4,6,3,2,5,8,1,7,4,6,3,2,5,8,1,7,4,6,3,2,5,8,1,7,4,6,3,2,5,8,1,7,4,6,3,2,5,8,1,7,4,6,3,2,5,8,1,7,4,6,3,2,5,8,1,7,4,6,3,2,5,8,1,7,4,6,3,2,5,8,1,7,4,6,3,2,5,8,1,7,4,6,3,2,5,8,1,7,4,6,3,2,5,8,1,7,4,6,3,2,5,8,1,7,4,6,3,2,5,8,1,7,4,6,3,2,5,8,1,7,4,6,3,2,5,8,1,7,4,6,3,2,5,8,1,7,4,6,5,8,3,2,1,7,4,6,3,2,5,8,1,7,4,6,3,2,5,8,1,7,4,6,3,2,5,8,1,7,4,6,3,2,5,8,1,7,4,6,3,2,5,8,1,7,4,6,3,2,5,8,1,7,4,6,3,2,5,8,1,7,4,6,3,2,5,8,1,7,4,6,3,2,5,8,1,7,4,6,3,2,5,8,1,7,4,6,3,2,5,8,1,7,4,6,3,2,5,8,1,7,4,6,3,2,5,8,1,7,4,6,3,2,5,8,1,7,4,6,3,2,5,8,1,7,4,6,3,2,5,8,1,7,4,6,3,2,5,8,1,7,4,6,3,2,5,8,1,7,4,6,3,2,5,8,1,7,4,6,3,2,5,8,1,7,4,6,3,2,5,8,1,7,4,6,3,2,5,8,1,7,4,6,3,2,5,8,1,7,4,6,3,2,5,8,1,7,4,6,3,2,5,8,1,7,4,6,3,2,5,8,1,7,4,6,3,2,5,8,1,7,4,6,3,2,5,8,1,7,4,6,3,2,5,8,1,7,4,6,3,2,5,8,1,7,4,6,3,2,5,8,1,7,4,6,3,2,5,8,1,7,4,6,3,2,5,8,1,7,4,6,3,2,5,8,1,7,4,6,3,2,5,8,1,7,4,6,3,2,5,8,1,7,4,6,3,2,5,8,1,7,4,6,3,2,5,8,1,7,4,6,3,2,5,8,1,7,4,6,3,2,5,8,1,7,4,6,3,2,5,8,1,7,4,6,3,2,5,8,1,7,4,6,3,2,5,8,1,7,4,6,3,2,5,8,1,7,4,6,3,2,5,8,1,7,4,6,3,2,5,8,1,7,4,6,3,2,5,8,1,7,4,6,3,2,5,8,1,7,4,6,3,2,5,8,1,7,4,6,3,2,5,8,1,7,4,6,3,2,5,8,1,7,4,6,3,2,5,8,1,7,4,6,3,2,5,8,1,7,4,6,3,2,5,8,1,7,4,6,3,2,5,8,1,7,4,6,3,2,5,8,1,7,4,6,3,2,5,8,1,7,4,6,3,2,5,8,1,7,4,6,3,2,5,8,1,7,4,6,3,2,5,8,1,7,4,6,3,2,5,8,1,7,4,6,3,2,5,8,1,7,4,6,3,2,5,8,1,7,4,6,3,2,5,8,1,7,4,6,3,2,5,8,1,7,4,6,3,2,5,8,1,7,4,6,3,2,5,8,1,7,4,6,3,2,5,8,1,7,4,6,3,2,5,8,1,7,4,6,3,2,5,8,1,7,4,6,3,2,5,8,1,7,4,6,3,2,5,8,1,4,7,6,1,4,7,6,3,5,8,2,1,4,7,6,3,5,8,2,1,4,7,6,3,5,8,2,1,4,7,6,3,5,8,2,1,4,7,6,3,5,8,2,1,4,6,7,3,5,8,2,1,4,7,6,3,5,2,8,1,4,7,6,3,5,8,2,1,4,6,7,3,5,8,2,1,4,7,6,3,5,8,2,1,4,7,6,3,5,8,2,1,4,6,7,3,5,8,2,1,4,6,7,3,5,8,2,1,4,7,6,3,5,8,2,1,4,7,6,3,5,8,2,1,4,6,7,3,5,8,2,1,4,6,7,3,5,8,2,1,4,7,6,3,5,8,2,1,4,7,6,3,5,8,2,1,4,7,6,5,3,8,2,1,4,7,6,3,5,8,2,1,4,7,6,3,5,8,2,1,4,6,7,3,5,8,2,1,4,6,7,3,5,8,2,1,4,7,6,5,3,8,2,1,4,7,6,3,5,2,8,1,4,7,6,3,5,8,2,1,4,7,6,5,3,8,2,1,4,7,6,3,5,8,2,1,4,7,6,3,5,8,2,1,4,7,6,3,5,8,2,1,4,6,7,3,5,8,2,1,4,6,7,3,5,8,2,1,4,7,6,3,5,8,2,1,4,7,6,3,5,8,2,1,4,7,6,3,5,8,2,1,4,7,6,3,5,8,2,1,4,7,6,3,5,8,2,1,4,7,6,3,5,2,8,1,4,7,6,3,5,8,2,1,4,7,6,3,5,8,2,1,4,7,6,3,5,8,2,1,4,6,7,3,5,8,2,1,4,7,6,3,5,8,2,1,4,7,6,3,5,8,2,1,4,7,6,5,3,8,2,1,4,7,6,3,5,8,2,1,4,6,7,3,5,8,2,1,4,7,6,3,5,8,2,1,4,7,6,3,5,8,2,1,4,6,7,5,3,8,2,1,4,7,6,3,5,8,2,1,4,7,6,3,5,8,2,1,4,7,6,5,3,8,2,1,4,7,6,3,5,8,2,1,4,7,6,3,5,8,2,1,4,7,6,3,5,8,2,1,4,7,6,5,3,8,2,1,4,6,7,3,5,8,2,1,4,7,6,3,5,8,2,1,4,6,7,3,5,8,2,1,4,6,7,3,5,8,2,1,4,7,6,3,5,8,2,1,4,7,6,3,5,8,2,1,4,6,7,3,5,8,2,1,4,7,6,3,5,8,2,1,4,7,6,3,5,2,8,1,4,6,7,3,5,8,2,1,4,7,6,3,5,8,2,1,4,7,6,3,5,8,2,1,4,7,6,5,3,8,2,1,4,7,6,3,5,8,2,1,4,7,6,3,5,8,2,1,4,7,6,3,5,8,2,1,4,7,6,3,5,8,2,1,4,7,6,3,5,8,2,1,4,7,6,5,3,8,2,1,4,6,7,3,5,8,2,1,4,7,6,3,5,8,2,1,4,7,6,3,5,8,2,1,4,7,6,3,5,8,2,1,4,7,6,3,5,8,2,1,4,7,6,3,5,8,2,1,4,6,7,3,5,8,2,1,4,6,7,3,5,8,2,1,4,7,6,3,5,8,2,1,4,7,6,3,5,8,2,1,4,6,7,3,5,8,2,1,4,6,7,3,5,8,2,1,4,7,6,3,5,8,2,1,4,7,6,3,5,8,2,1,4,7,6,3,5,8,2,1,4,7,6,3,5,8,2,1,4,7,6,3,5,8,2,1,4,6,7,3,5,8,2,1,4,7,6,3,5,8,2,1,4,7,6,3,5,8,2,1,4,7,6,3,5,8,2,1,4,7,6,3,5,8,2,1,4,6,7,5,3,8,2,1,4,6,7,3,5,8,2,1,4,6,7,3,5,8,2,1,4,7,6,3,5,8,2,1,4,7,6,3,5,8,2,1,4,7,6,3,5,8,2,1,4,7,6,3,5,8,2,1,4,6,7,3,5,8,2,1,4,6,7,3,5,8,2,1,4,7,6,3,5,8,2,1,4,7,6,3,5,8,2,1,4,7,6,3,5,8,2,1,4,6,7,3,5,8,2,1,4,7,6,3,5,8,2,1,4,6,7,3,5,8,2,1,4,7,6,3,5,8,2,1,4,6,7,3,5,8,2,1,4,7,6,3,5,8,2,1,4,6,7,3,5,8,2,1,4,6,7,3,5,8,2,1,4,6,7,3,5,8,2,1,4,7,6,3,5,8,2,1,4,7,6,3,5,8,2,1,4,7,6,3,5,8,2,1,4,7,6,3,5,8,2,1,4,7,6,3,5,8,2,1,4,6,7,5,3,8,2,1,4,7,6,3,5,8,2,1,4,6,7,3,5,8,2,1,4,7,6,3,5,8,2,1,4,6,7,3,5,8,2,1,4,6,7,3,5,8,2,1,4,7,6,3,5,8,2,1,4,7,6,3,5,8,2,1,4,7,6,3,5,8,2,1,4,6,7,3,5,8,2,1,4,6,7,3,5,8,2,1,4,7,6,3,5,8,2,1,4,7,6,5,3,8,2,1,4,6,7,3,5,8,2,1,4,7,6,3,5,8,2,1,4,6,7,3,5,8,2,1,4,6,7,3,5,8,2,1,4,7,6,3,5,8,2,1,4,7,6,3,5,8,2,1,4,6,7,3,5,8,2,1,4,6,7,3,5,8,2,1,4,7,6,3,5,8,2,1,4,6,7,3,5,8,2,1,4,6,7,3,5,8,2,1,4,7,6,3,5,8,2,1,4,6,7,3,5,8,2,1,4,7,6,3,5,8,2,1,4,7,6,5,3,8,2,1,4,7,6,3,5,8,2,1,4,7,6,3,5,8,2,1,4,7,6,3,5,8,2,1,4,6,7,3,5,8,2,1,4,7,6,5,3,8,2,1,4,7,6,3,5,8,2,1,4,7,6,3,5,8,2,1,4,7,6,3,5,8,2,1,4,6,7,3,5,8,2,1,4,6,7,3,5,8,2,1,4,6,7,3,5,8,2,1,4,7,6,3,5,8,2,1,4,7,6,3,5,8,2,1,4,7,6,3,5,8,2,1,4,6,7,3,5,8,2,1,4,6,7,3,5,8,2,1,4,6,7,3,5,8,2,1,4,7,6,3,5,8,2,1,4,7,6,3,5,8,2,1,4,6,7,3,5,8,2,1,4,6,7,3,5,8,2,1,4,7,6,3,5,8,2,1,4,6,7,3,5,8,2,1,4,7,6,3,5,8,2,1,4,7,6,3,5,8,2,1,4,7,6,3,5,8,2,1,4,7,6,3,5,8,2,1,4,7,6,3,5,8,2,1,4,7,6,3,5,8,2,1,4,6,7,3,5,8,2,1,4,7,6,3,5,8,2,1,4,7,6,3,5,8,2,1,4,6,7,3,5,8,2,1,4,6,7,3,5,8,2,1,4,7,6,3,5,8,2,1,4,7,6,3,5,8,2,1,4,7,6,3,5,8,2,1,4,7,6,3,5,8,2,1,4,6,7,3,5,8,2,1,4,6,7,3,5,8,2,1,4,6,7,3,5,8,2,1,4,7,6,3,5,8,2,1,4,7,6,3,5,8,2,1,4,6,7,3,5,8,2,1,4,7,6,3,5,8,2,1,4,6,7,3,5,8,2,1,4,6,7,3,5,8,2,1,4,7,6,3,5,8,2,1,4,7,6,3,5,8,2,1,4,7,6,3,5,8,2,1,4,6,7,3,5,8,2,1,4,7,6,3,5,8,2,1,4,6,7,3,5,8,2,1,4,7,6,3,5,8,2,1,4,7,6,3,5,8,2,1,4,7,6,3,5,8,2,1,4,7,6,3,5,8,2,1,4,7,6,3,5,8,2,1,4,7,6,3,5,8,2,1,4,6,7,3,5,8,2,1,4,6,7,3,5,8,2,1,4,7,6,3,5,8,2,1,4,6,7,3,5,8,2,1,4,6,7,3,5,8,2,1,4,7,6,3,5,8,2,1,4,7,6,3,5,8,2,1,4,7,6,3,5,8,2,1,4,6,7,3,5,8,2,1,4,7,6,3,5,8,2,1,4,7,6,3,5,8,2,1,4,7,6,3,5,8,2,1,4,7,6,3,5,8,2,1,4,7,6,3,5,8,2,1,4,7,6,3,5,8,2,1,4,7,6,3,5,8,2,1,4,7,6,3,5,8,2,1,4,7,6,3,5,8,2,1,4,7,6,3,5,8,2,1,4,7,6,3,5,8,2,1,4,7,6,3,5,8,2,1,4,7,6,3,5,8,2,1,4,6,7,5,3,8,2,1,4,7,6,3,5,8,2,