{"C":1.00000000000000000000e+00,"N":1747,"WCE":1.79769313486231570815e+308,"entropy":9.99999999999999888978e-01,"genvec":[1,732,407,756],"s":4,"weight":"READin"}