{"C":1.00000000000000000000e+00,"N":2843,"WCE":1.79769313486231570815e+308,"entropy":9.99999999999999777955e-01,"genvec":[1,1050,665,1249,602,864,510,886,1352,754,389,254,1342,231,1394,291],"s":16,"weight":"READin"}