{"C":1.00000000000000000000e+00,"N":251,"WCE":1.79769313486231570815e+308,"entropy":1.00000000000000000000e+00,"genvec":[1,70,97,55,32,61,119,92],"s":8,"weight":"READin"}