{"C":1.00000000000000000000e+00,"N":3929,"WCE":1.79769313486231570815e+308,"entropy":1.00000000000000066613e+00,"genvec":[1,1628,1202,913,1781,1453,945,856,310,1424,1033,467,242,1640,611,1249,1120,1739,818,539,402,1169,1328,1373,1540,1582,1011,176,576,887,1791,883,292,732,811,927,1325,1216,962,1552,502,1657,1898,150,1300,514,774,522,742,1008,1504,1872,729,841,966,229,1182,1269,1352,999,1162,1648,648,1612],"s":64,"weight":"READin"}