{"C":1.00000000000000000000e+00,"N":41,"WCE":1.79769313486231570815e+308,"entropy":4.02509688018397371323e-01,"genvec":[1,17,15,9,19,6,10,4,16,14,18,7,5,2,11,12,8,13,20,3,8,13,20,16,18,3,14,5,11,2,7,12,8,20,19,13,6,8,20,18,13,3,16,5,2,11,7,12,8,19,14,20,6,5,13,3,16,2,18,11,20,8,12,14,7,3,4,10,5,13,19,2,6,16,7,18,11,4,10,3,8,14,5,20,13,12,2,19,7,18,8,3,10,16,6,13,4,11,20,14,12,5,2,7,3,16,18,11,4,10,13,19,8,6,14,20,12,5,7,3,2,8,18,11,16,13,20,12,3,14,4,10,5,7,19,2,3,18,4,14,10,16,6,11,7,5,13,8,2,19,3,20,14,4,18,12,10,16,6,7,11,13,5,8,3,2,20,14,4,18,19,12,10,16,7,13,11,3,5,8,2,6,14,20,4,18,12,7,11,16,10,3,13,8,5,19,2,14,6,20,4,18,7,12,11,16,3,10,13,8,5,2,14,19,20,12,18,7,3,4,13,10,16,11,6,8,5,14,2,3,20,12,18,7,4,11,13,16,10,3,8,19,5,14,2,6,7,20,18,4,13,12,11,16,10,3,8,14,5,2,7,19,18,12,20,13,8,6,4,14,5,19,7,2,11,3,10,16,18,12,13,20,8,4,14,3,5,7,11,2,18,12,16,20,13,6,10,8,19,14,4,3,5,7,11,2,18,16,12,20,13,3,10,8,7,6,4,11,14,5,19,2,18,20,16,13,12,3,10,8,14,4,7,6,11,5,13,3,16,20,2,12,18,19,10,8,14,7,4,11,5,3,13,2,12,16,20,18,6,7,10,8,19,14,4,3,13,5,11,2,20,12,16,18,7,3,8,10,13,6,14,11,4,5,19,2,7,18,12,20,16,3,8,14,10,13,11,4,6,5,20,16,12,2,3,7,18,11,14,8,10,19,13,4,18,12,3,20,16,2,7,5,11,14,6,8,10,13,3,4,19,18,7,12,2,20,16,5,13,11,14,8,3,10,12,2,18,7,19,4,6,20,16,5,14,11,13,3,8,10,12,2,7,18,4,20,3,16,13,5,11,6,14,8,10,19,7,4,18,12,2,3,20,13,16,5,14,11,6,8,10,7,19,4,18,12,3,13,20,16,2,14,5,11,8,3,7,10,12,18,2,13,20,4,19,16,6,14,5,11,20,8,3,7,4,6,10,14,16,12,11,18,4,19,5,13,20,3,7,8,2,14,12,10,16,3,18,11,4,13,6,20,5,7,8,19,2,14,12,10,16,3,18,11,13,4,20,5,7,6,8,14,2,3,10,16,12,11,18,13,20,19,4,7,5,3,8,14,2,12,10,16,6,13,11,18,20,7,4,3,5,8,14,19,2,12,18,11,16,10,13,3,7,4,20,6,5,14,8,19,2,12,13,16,10,3,18,7,11,4,20,5,14,6,8,2,19,12,13,16,10,3,7,18,11,4,20,14,5,8,6,13,3,2,12,16,10,7,11,18,20,4,14,3,5,8,13,19,12,2,7,11,18,16,10,3,20,14,4,6,5,13,8,12,19,2,7,18,11,16,20,3,14,10,4,5,13,6,8,7,2,12,11,18,3,16,20,14,10,4,19,13,12,5,8,7,3,2,11,18,16,20,14,6,10,13,4,3,5,7,8,12,11,2,19,18,14,16,20,12,13,3,10,8,2,7,5,11,6,4,18,19,14,20,16,13,3,12,10,8,7,2,5,11,4,18,3,14,20,16,6,13,12,10,7,11,4,18,19,2,8,5,3,14,20,16,13,12,7,11,6,10,4,3,18,2,16,5,14,8,20,13,19,12,7,3,10,4,11,18,2,14,8,5,6,20,13,16,3,7,12,11,10,4,19,18,2,14,8,5,7,3,13,20,16,12,11,6,10,4,13,18,19,7,2,8,5,3,14,20,16,12,11,2,18,3,10,7,4,13,6,8,5,14,19,20,16,12,11,13,3,10,4,18,7,2,8,5,14,6,20,16,12,11,3,13,10,4,7,18,19,2,8,14,5,3,20,12,16,11,13,6,7,4,10,18,19,14,2,8,5,3,20,12,16,13,11,7,18,2,3,10,8,14,12,20,4,6,16,5,11,13,19,7,18,2,3,10,8,14,12,20,4,16,13,6,5,11,7,3,18,4,14,10,19,2,8,20,12,13,16,5,3,11,7,6,18,14,4,10,19,2,8,20,12,13,16,3,5,7,11,18,14,2,12,20,8,3,13,10,16,6,4,11,7,5,19,14,18,2,3,20,8,12,13,10,16,4,7,11,5,6,14,3,18,4,20,13,17,19,1,16,12,11],"s":1024,"weight":"READin"}