{"C":1.00000000000000000000e+00,"N":7019,"WCE":1.79769313486231570815e+308,"entropy":9.99999999999999777955e-01,"genvec":[1,2666,1492,1610,3165,2603,1910,1878,2460,1860,724,1969,473,337,1037,854],"s":16,"weight":"READin"}