{"C":1.00000000000000000000e+00,"N":97,"WCE":1.79769313486231570815e+308,"entropy":5.97846379239927672167e-01,"genvec":[1,36,21,41,35,20,23,29,22,16,45,6,44,33,17,27,13,30,24,4,10,19,9,14,12,5,43,47,13,37,45,31,8,40,24,32,30,6,19,16,26,4,5,3,22,43,9,24,40,14,30,47,34,13,2,32,19,25,7,17,4,5,9,11,6,39,16,26,37,31,10,24,43,14,8,30,3,26,38,33,40,47,39,28,6,22,16,10,45,37,34,43,24,31,13,8,7,5,48,18,38,15,3,14,17,33,25,39,9,4,43,30,40,26,6,22,28,16,10,42,47,37,19,31,24,34,46,2,11,7,12,32,9,15,13,8,48,38,11,5,14,18,39,47,40,43,45,12,8,28,33,44,5,42,48,37,17,25,39,15,32,9,7,26,4,3,10,31,38,11,46,6,34,14,18,13,2,27,19,30,48,8,22,40,25,12,32,28,10,42,15,43,39,46,44,7,3,31,37,26,34,16,38,18,2,24,11,47,40,27,28,33,5,45,12,8,39,9,42,17,30,48,25,46,4,14,19,43,3,31,13,37,10,44,34,15,32,7,6,38,11,26,48,18,40,8,2,22,46,28,47,27,39,33,12,42,15,10,9,37,34,25,7,16,45,17,4,5,19,3,31,24,18,30,14,32,26,40,44,38,10,43,25,37,48,13,8,34,15,11,9,31,2,46,39,3,7,28,16,38,24,5,42,18,40,27,22,4,37,47,26,33,17,6,10,14,19,32,15,12,44,25,39,43,46,7,48,42,8,34,31,28,9,11,2,30,3,45,40,5,13,24,27,18,38,37,4,47,32,39,46,11,26,10,34,28,12,16,44,15,31,19,7,25,42,2,17,3,48,43,37,8,18,33,40,14,22,10,38,6,46,27,26,39,15,24,9,4,42,32,25,7,34,28,11,30,48,31,3,19,5,44,12,8,13,40,18,45,2,37,27,47,46,33,39,17,14,10,16,22,38,43,15,42,24,6,34,28,9,31,26,48,30,4,25,11,40,7,32,46,39,3,44,10,8,12,18,38,37,2,13,5,27,47,33,28,34,45,19,42,15,48,11,18,8,14,17,31,3,46,43,26,25,37,39,12,32,40,7,44,2,10,16,42,15,24,9,38,28,22,34,4,27,47,46,19,33,30,6,7,39,5,11,48,40,13,18,31,8,37,25,26],"s":512,"weight":"READin"}