{"C":1.00000000000000000000e+00,"N":13,"WCE":1.79769313486231570815e+308,"entropy":7.96453035938272990713e-01,"genvec":[1,5,2,3,4,6,4,6],"s":8,"weight":"READin"}