{"C":1.00000000000000000000e+00,"N":15427,"WCE":1.79769313486231570815e+308,"entropy":1.00000000000000044409e+00,"genvec":[1,5893,3392,2094,5594,4843,3028,1262,4736,2311,6981,4385,7041,5802,4551,1646,6728,7271,4977,2235,5389,3736,6742,6473,5343,2618,4897,755,5460,7351,4056,3952],"s":32,"weight":"READin"}