{"C":1.00000000000000000000e+00,"N":13,"WCE":1.79769313486231570815e+308,"entropy":2.87280676604203644153e-01,"genvec":[1,5,2,3,4,6,4,6,2,3,4,6,1,5,2,3,4,6,1,5,4,6,1,5,2,3,4,6,1,5,2,3,4,6,1,5,4,6,1,5,2,3,4,6,1,5,2,3,4,6,1,5,2,3,4,6,1,5,2,3,4,6,1,5,2,3,4,6,1,5,2,3,4,6,1,5,2,3,4,6,1,5,3,2,4,6,1,5,2,3,4,6,1,5,2,3,4,6,1,5,2,3,4,6,1,5,2,3,4,6,1,5,2,3,4,6,1,5,2,3,4,6,1,5,2,3,4,6,1,5,1,5,2,3,4,6,1,5,2,3,4,6,1,5,3,2,4,6,1,5,2,3,4,6,1,5,2,3,4,6,1,5,3,2,4,6,1,5,3,2,4,6,1,5,2,3,4,6,1,5,2,3,4,6,1,5,2,3,4,6,1,5,3,2,4,6,1,5,2,3,4,6,5,1,3,2,4,6,1,5,2,3,4,6,1,5,2,3,4,6,5,1,2,3,4,6,1,5,3,2,4,6,1,5,3,2,4,6,5,1,2,3,4,6,5,1,2,3,4,6,1,5,2,3,4,6,1,5,5,1,2,3,4,6,5,1,2,3,4,6,1,5,3,2,4,6,5,1,3,2,4,6,5,1,2,3,4,6,5,1,2,3,4,6,1,5,2,3,4,6,1,5,3,2,4,6,5,1,2,3,4,6,5,1,2,3,4,6,1,5,3,2,4,6,1,5,2,3,4,6,1,5,2,3,4,6,1,5,3,2,4,6,1,5,3,2,4,6,1,5,2,3,4,6,1,5,3,2,4,6,1,5,2,3,4,6,5,1,2,3,4,6,1,5,2,3,4,6,1,5,2,3,4,6,5,1,2,3,4,6,5,1,2,3,4,6,1,5,2,3,4,6,5,1,2,3,4,6,1,5,3,2,4,6,5,1,3,2,4,6,1,5,3,2,4,6,5,1,2,3,4,6,1,5,2,3,4,6,1,5,2,3,4,6,5,1,3,2,4,6,5,1,2,3,4,6,5,1,3,2,4,6,1,5,3,2,4,6,5,1,2,3,4,6,5,1,2,3,4,6,1,5,2,3,4,6,1,5,2,3,4,6,1,5,3,2,4,6,1,5,2,3,4,6,1,5,2,3,4,6,1,5],"s":512,"weight":"READin"}