{"C":1.00000000000000000000e+00,"N":83,"WCE":1.79769313486231570815e+308,"entropy":8.33246899361724024935e-01,"genvec":[1,30,36,32,40,27,24,39,21,38,33,26,4,9,14,34,20,35,29,5,6,31,8,22,37,10,35,25,6,7,17,20,29,13,37,31,8,14,38,22,5,33,4,3,26,37,12,21,29,15,18,14,13,8,19,22,10,28,6,33,34,9,21,38],"s":64,"weight":"READin"}