{"C":1.00000000000000000000e+00,"N":307,"WCE":1.79769313486231570815e+308,"entropy":6.87979818487351124645e-01,"genvec":[1,129,110,94,90,140,33,73,114,24,121,108,82,134,42,124,60,26,136,107,116,112,32,148,122,19,81,101,50,52,46,135,106,34,115,20,51,14,8,111,15,152,36,125,29,120,141,48,9,85,92,128,10,63,38,7,39,12,138,131,79,106,17,132,83,13,100,16,58,68,74,21,96,40,105,151,91,41,93,54,118,15,76,62,53,6,28,147,75,145,16,95,100,35,83,92,115,149,111,20,74,68,13,51,84,36,22,61,109,151,58,21,65,57,8,67,30,103,118,131,96,152,14,133,132,34,9,10,141,105,78,29,128,150,125,138,54,59,85,53,86,38,12,130,81,63,104,62,40,77,37,91,100,41,6,99,15,39,93,16,148,105,95,150,29,4,120,141,147,144,88,56,128,135,143,138,79,92,111,84,35,36,78,54,130,101,22,76,63,75,48,81,62,13,85,69,125,99,61,53,40,6,142,86,115,28,15,51,41,59,132,100,145,11,16,151,149,112,91,60,38,98,104,95,21,74,4,88,93,141,109,77,67,35,29,123,113,103,36,150,57,147,122,96,34,9,10,118,152,84,65,138,14,133,135,144,128,39,105,142,54,53,131,85,6,83,92,75,22,40,78,56,132,15,148,97,69,143,62,128,120,79,68,130,12,117,32,58,63,13,104,142,101,81,100,54,86,111,151,48,7,109,92,88,76,51,56,72,16,11,40,141,37,6,75,53,136,41,39,15,132,125,62,85,4,95,105,84,9,61,38,10,130,131,147,142,145,93,77,143,98,60,29,22,103,63,69,79,91,59,67,104,32,74,66,58,35,36,78,152,14,57,97,34,118,92,54,115,100,30,8,51,86,56,5,144,13,148,81,109,141,117,21,31,6,75,88,40,142,48,106,41,65,128,9,68,85,126,61,83,99,138,7,113,44,120,37,151,4,98,84,38,132,93,72,20,103,131,50,96,62,17,147,79,15,143,53,29,64,118,130,54,152,57,12,39,105,52,77,28,69,133,22,16,123,150,135,35,67,142,91,10,95,9,111,66,122,56,104,36,46,58,97,148,6,86,51,126,76,141,68,60,59,144,40,101,78,81,21,88,74,14,31,75,147,100,5,32,11,149,65,34,84,109,92,117,115,8,41,54,98,30,125,132,128,118,53,112,69,48,70,131,103,52,61,93,152,50,142,13,36,136,15,85,67,99,62,29,63,4,130,17,151,38,113,6,143,44,57,7,83,138,135,77,72,20,56,103,95,79,145,133,126,96,137,93,86,9,150,142,13,120,61,141,35,15,84,22,64,37,12,99,46,39,58,152,97,106,62,40,111,50,151,91,130,4,51,144,66,75,104,63,41,138,105,147,44,6,56,74,146,145,38,143,67,9,59,77,16,14,29,57,10,142,86,113,103,36,93,53,34,88,123,54,85,109,78,96,136,126,132,79,7,11,98,83,5,64,72,92,60,117,52,84,100,76,118,116,40,17,62,131,122,125,65,21,8,70,133,6,37,69,137,81,95,147,46,28,152,103,141,30,48,39,128,75,135,20,19,9,142,105,22,130,50,61,104,54,29,53,35,4,146,138,67,126,77,91,143,132,56,32,98,51,74,36,99,93,88,113,59,5,13,136,41,144,149,120,115,58,66,12,150,86,97,78,11,62,84,15,69,118,17,18,14,57,111,40,44,16,76,92,103,52,141,21,106,142,109,65,137,61,72,100,70,96,147,6,56,133,34,117,81,131,10,54,152,126,74,46,101,75,79,128,60,83,125,38,151,8,135,29,93,67,138,95,130,9,50,143,64,4,132,7,148,62,39,111,15,84,118,51,109,48,68,123,88,53,147,97,63,91,104,142,77,86,19,6,35,22,41,40,56,36,30,145,98,58,31,5,14,122,32,103,149,85,146,141,69,54,66,13,115,144,105,44,59,150,20,37,78,65,57,84,152,99,133,120,34,126,70,46,100,12,113,52,11,21,9,112,61,131,117,72,75,51,142,93,16,137,67,86,81,4,53,38,130,136,29,138,50,79,96,74,116,10,28,17,118,92,147,132,18,125,151,143,128,62,95,98,103,60,88,6,77,40,83,105,135,126,109,91,39,41,15,27,7,48,106,152,104,64,69,22,56,70,142,8,36,61,85,93,141,113,68,76,5,29,59,13,37,21,30,19,131,54,132,14,133,101,148,78,50,123,17,9,130,84,31,99,72,75,67,32,44,63,146,115,4,57,111,46,53,35,20,6,51,66,65,147,79,118,97,86,52,144,58,11,100,143,117,145,138,137,142,56,40,103,77,62,126,12,150,91,88,16,98,149,5,120,74,34,41,84],"s":1024,"weight":"READin"}