{"C":1.00000000000000000000e+00,"N":983,"WCE":1.79769313486231570815e+308,"entropy":1.00000000000000044409e+00,"genvec":[1,413,443,361,431,306,451,115,77,467,203,357,323,420,47,255,410,350,80,226,275,250,71,169,229,254,298,73,237,479,232,199],"s":32,"weight":"READin"}