{"C":1.00000000000000000000e+00,"N":557,"WCE":1.79769313486231570815e+308,"entropy":9.29842859106007169068e-01,"genvec":[1,169,234,153,128,216,120,82,151,42,261,225,193,106,248,136,157,130,155,264,175,109,59,116,158,146,217,67,37,114,174,90,44,20,183,76,46,48,165,162,254,28,85,160,204,36,268,15,115,262,161,140,192,94,179,190,172,259,265,222,99,163,16,252,195,81,129,154,271,168,52,247,133,224,270,276,274,47,70,127,227,200,241,23,205,63,214,275,38,245,237,232,273,92,112,249,132,199,207,243,18,75,210,195,215,267,10,26,22,144,100,196,233,183,27,221,12,236,62,95,138,147,122,141,76,96,86,270,105,198,266,14,167,129,79,184,29,52,81,230,57,74,180,123,110,8,93,49,11,160,235,231,6,121,209,229,187,134,102,274,227,271,111,133,259,63,71,47,238,44,152,70,77,244,65,168,30,177,105,224,75,131,199,245,31,7,54,58,129,66,228,191,149,92,277,249,215,144,52,85,198,100,79,103,32,180,167,273,69,247,211,9,205,266,14,19,232,8,123,204,230,49,237,74,10,121,233,200,156,235,185,57,135,214,210,262,81,275,168,260,154,29,39,253,207,231,6,104,184,113,241,170,206,86,112,23],"s":256,"weight":"READin"}