{"C":1.00000000000000000000e+00,"N":839,"WCE":1.79769313486231570815e+308,"entropy":1.00000000000000000000e+00,"genvec":[1,324,363,155,386,176,127,85],"s":8,"weight":"READin"}