{"C":1.00000000000000000000e+00,"N":1361,"WCE":1.79769313486231570815e+308,"entropy":9.99999999999997335465e-01,"genvec":[1,505,375,313,551,636,244,144,256,399,578,182,476,196,516,406,138,574,156,365,586,224,161,251,297,70,557,348,153,401,114,296,30,132,334,319,115,467,188,446,281,126,284,110,92,538,83,475,513,195,100,442,108,104,362,255,127,620,41,613,654,444,425,88,331,595,565,304,338,527,465,20,599,260,384,438,185,302,670,180,651,566,198,237,479,358,113,675,463,206,482,646,336,315,648,242,199,542,386,316,437,464,445,466,507,382,571,521,380,149,45,134,175,345,368,530,619,282,346,344,621,84,603,137,165,387,418,655],"s":128,"weight":"READin"}