{"C":1.00000000000000000000e+00,"N":263,"WCE":1.79769313486231570815e+308,"entropy":6.62763368396589336307e-01,"genvec":[1,109,56,74,36,103,43,121,30,89,106,118,76,99,52,25,116,92,101,20,67,48,70,68,42,78,54,16,114,49,97,117,62,126,13,47,10,61,60,22,6,51,31,84,34,24,23,50,29,91,7,130,79,125,44,94,32,85,15,40,104,59,38,82,83,35,126,9,122,87,123,111,98,96,13,73,47,55,46,58,62,119,66,84,128,10,9,24,126,35,83,34,61,6,120,87,51,19,65,81,50,108,26,111,31,22,53,73,7,96,67,123,92,59,85,15,39,55,40,58,9,119,23,11,16,12,91,83,47,130,35,128,125,79,122,5,34,66,27,84,60,98,75,126,82,8,78,19,50,32,54,44,6,62,29,13,10,17,53,14,46,4,102,61,35,130,49,87,111,93,66,24,128,127,75,84,100,60,73,79,5,126,125,51,81,96,47,98,82,38,54,65,123,107,32,97,44,6,26,40,62,34,29,7,19,15,119,104,4,39,27,23,33,85,50,35,59,53,14,10,67,127,61,24,58,94,22,111,84,55,46,87,31,126,9,13,128,120,8,73,79,91,75,82,108,96,20,130,93,83,66,51,100,78,5,123,122,6,101,32,125,49,72,38,102,15,44,35,68,97,113,60,53,62,119,81,4,84,34,19,7,55,58,114,39,6,33,126,59,65,32,98,101,87,125,9,111,40,92,47,24,14,17,15,44,104,54,50,67,26,93,23,107,73,21,97,122,4,128,11,96,113,79,29,91,119,35,130,102,60,27,31,53,82,38,16,66,85,39,100,110,5,84,6,49,108,72,34,22,9,40,125,111,14,62,19,87,71,59,33,58,75,81,114,126,15,32,23,55,65,83,24,123,4,10,73,127,94,7,26,61,53,67,92,17,44,97,107,21,113,54,85,6,96,100,51,39,60,128,82,35,122,31,91,16,104,119,84,46,130,29,68,5,11,79,40,125,111,9,66,98,12,42,38,50,8,47,102,87,15,27,120,93,110,101,49,72,14,33,58,123,78,44,32,13,83,126,53,19,62,113,20,73,71,18,59,114,4,23,82,130,34,128,108,5,22,81,24,75,97,21,104,117,100,80,35,67,86,65,79,119,93,39,111,6,51,127,125,7,15,96,87,84,33,94,58,55,10,61,26,85,60,9,92,123,54,4,107,38,62,32,22,91,50,53,82,83,122,126,73,23,14,68,24,66,40,102,113,98,27,17,90,72,42,46,12,71,31,16,35,100,129,19,97,49,44,91,128,53,130,29,101,47,110,39,59,8,34,125,18,11,111,80,75,21,66,120,82,15,119,78,70,73,6,86,26,14,50,114,122,27,85,90,31,96,126,65,10,108,87,79,67,4,113,51,117,104,81,23,128,33,84,127,94,97,16,40,12,49,129,53,17,44,58,13,19,100,21,59,46,15,130,111,110,93,18,83,35,71,82,72,78,66,5,68,60,7,8,81,11,73,75,80,62,55,125,123,108,57,87,24,9,102,42,32,79,39,119,90,101,98,86,6,58,113,122,100,34,53,120,128,4,33,117,130,20,38,126,48,14,31,44,107,27,129,85,92,47,82,26,84,91,97,96,70,50,15,65,110,23,93,111,114,54,104,21,125,51,29,66,19,9,10,12,90,32,113,49,123,40,22,68,119,62,61,87,73,71,4,102,14,5,39,94,46,35,126,6,60,79,82,128,98,53,86,72,16,57,130,100,84,13,58,33,34,75,101,55,90,78,85,27,24,44,80,129,97,18,38,59,108,15,21,111,17,117,11,8,31,122,127,125,23,107,81,96,66,7,50,87,53,67,26,20,113,93,6,83,47,51,35,65,32,91,120,73,4,123,9,104,57,62,119,42,82,79,54,71,39,110,15,33,19,128,44,29,10,126,49,59,48,14,130,75,80,111,125,85,100,129,84,60,72,34,92,90,86,58,12,61,22,55,127,16,38,97,21,40,94,26,31,53,27,4,35,46,87,102,66,107,5,18,123,113,117,24,82,11,81,128,62,122,68,13,14,71,23,93,6,100,51,116,108,32,114,15,78,130,90,98,73,111,33,119,101,110,9,10,79,8,84,60,44,17,104,57,96,97,75,86,39,126,129,47,87,65,7,50,125,4,53,58,80,54,19,21,123,120,59,67,93,91,6,33,72,83,113,82,107,22,48,38,20,92,34,117,15,9,55,85,35,32,26,14,130,84,111,23,27,100,49,62,102,66,94,61,90,24,5,71,44,40,39,53,125,128,4,29,126,127,122,116,81,79,51,129,70,108,12,73,57,50,21,97,16,18,68,11,75,87,46,98,86,82,119,60,78,104,65,123,93,90,113,42],"s":1024,"weight":"READin"}