{"C":1.00000000000000000000e+00,"N":1831,"WCE":1.79769313486231570815e+308,"entropy":1.00000000000000044409e+00,"genvec":[1,673,418,383,310,690,810,130,779,491,721,547,568,296,657,217,125,227,589,432,747,149,342,349,479,328,322,315,302,790,402,637],"s":32,"weight":"READin"}