{"C":1.00000000000000000000e+00,"N":839,"WCE":1.79769313486231570815e+308,"entropy":9.99999999999999777955e-01,"genvec":[1,324,363,155,386,176,127,85,98,189,333,366,376,224,343,371],"s":16,"weight":"READin"}