{"C":1.00000000000000000000e+00,"N":3343,"WCE":1.79769313486231570815e+308,"entropy":1.00000000000000066613e+00,"genvec":[1,1416,989,1148,935,655,1556,216,1066,127,487,368,696,746,582,416,966,1214,332,1467,1322,1609,1028,918,806,563,1394,302,1274,438,1006,1400,1236,1297,1002,413,235,853,677,1127,1541,884,1101,150,1375,1092,868,611,338,999,636,1549,1530,1482,615,712,701,1039,630,95,1085,121,1284,171],"s":64,"weight":"READin"}