{"C":1.00000000000000000000e+00,"N":1361,"WCE":1.79769313486231570815e+308,"entropy":1.00000000000000066613e+00,"genvec":[1,505,375,313,551,636,244,144,256,399,578,182,476,196,516,406,138,574,156,365,586,224,161,251,297,70,557,348,153,401,114,296,30,132,334,319,115,467,188,446,281,126,284,110,92,538,83,475,513,195,100,442,108,104,362,255,127,620,41,613,654,444,425,88],"s":64,"weight":"READin"}