{"C":1.00000000000000000000e+00,"N":8263,"WCE":1.79769313486231570815e+308,"entropy":1.00000000000000044409e+00,"genvec":[1,3468,2452,1875,3631,1418,2334,522,3072,703,2557,3950,1961,3351,3278,3799,1431,2166,1356,2020,1301,1973,3216,1746,3899,3272,851,3657,1118,792,1486,912],"s":32,"weight":"READin"}