{"C":1.00000000000000000000e+00,"N":191,"WCE":1.79769313486231570815e+308,"entropy":8.60203493955139952831e-01,"genvec":[1,80,34,61,86,54,22,14,91,30,39,12,46,33,70,72,88,57,81,56,50,73,58,78,5,85,52,32,94,60,74,51,67,90,41,9,63,24,93,55,76,6,23,59,15,16,20,25,26,42,62,92,38,90,53,41,48,56,87,9,10,21,71,58,6,47,57,4,55,93,63,59,13,27,15,76,25,67,73,16,6,36,23,77,47,82,78,93,4,79,24,55,63,13,92,62,88,83,38,87,20,74,90,42,27,59,53,94,15,52,16,57,51,18,76,81,28,24,21,25,43,71,41,26,66,4,58,47],"s":128,"weight":"READin"}