{"C":1.00000000000000000000e+00,"N":79,"WCE":1.79769313486231570815e+308,"entropy":6.33687638085360882556e-01,"genvec":[1,29,31,23,35,30,18,37,12,4,32,19,13,7,11,20,6,15,9,38,5,27,8,26,6,22,28,15,38,4,9,7,34,16,5,33,17,2,24,39,27,14,3,32,10,12,11,13,20,16,5,25,34,14,26,6,22,21,38,33,8,36,17,27,39,2,24,3,10,32,19,5,9,12,15,14,20,21,22,2,16,34,24,25,39,28,3,33,36,32,11,26,19,5,4,7,9,10,6,17,13,8,21,27,14,38,15,12,22,39,16,25,34,2,28,24,20,3,36,33,10,9,32,11,26,19,21,14,8,6,5,17,25,2,22,15,39,7,12,27,3,8,17,5,13,36,4,24,34,38,16,33,10,9,28,22,25,6,39,15,7,26,19,11,2,21,36,32,24,27,5,3,20,17,8,14,13,9,34,4,19,10,16,6,28,25,22,39,36,33,26,38,15,21,12,11,2,7,5,17,27,16,3,10,14,24,9,39,33,32,22,25,8,28,6,34,19,36,26,21,4,20,15,38,11,13,24,2,9,5,17,7,27,12,16,10,3,14,25,39,22,32,28,36,21,33,8,34,19,6,26,10,15,9,2,38],"s":256,"weight":"READin"}