{"C":1.00000000000000000000e+00,"N":127,"WCE":1.79769313486231570815e+308,"entropy":9.86977478285026132987e-01,"genvec":[1,57,37,40,55,50,56,12,49,34,22,52,9,48,33,60,43,62,51,32,39,54,58,46,21,15,6,8,14,61,43,38],"s":32,"weight":"READin"}