{"C":1.00000000000000000000e+00,"N":47,"WCE":1.79769313486231570815e+308,"entropy":7.32934674758335291678e-01,"genvec":[1,13,11,10,6,4,9,15,7,14,16,22,23,7,8,19,5,3,21,12,6,18,16,2,5,14,17,3,20,12,21,8,9,22,4,19,23,18,15,7,2,22,14,17,21,9,23,20,3,4,5,16,18,12,2,19,7,15,6,22,21,20,17,23],"s":64,"weight":"READin"}