{"C":1.00000000000000000000e+00,"N":223,"WCE":1.79769313486231570815e+308,"entropy":7.94527165814702285296e-01,"genvec":[1,82,34,84,77,62,76,39,18,44,20,108,79,104,35,43,64,24,98,30,33,80,57,58,16,25,93,67,85,70,45,50,22,6,101,9,19,40,54,51,65,46,107,12,11,14,26,75,27,10,32,88,83,24,30,86,97,109,101,66,46,52,72,19,40,53,4,49,110,48,11,65,71,107,8,7,105,64,22,54,60,6,75,94,21,91,92,51,15,96,56,33,90,40,27,16,14,93,9,13,87,73,88,103,109,58,53,12,37,100,83,71,97,110,22,21,95,51,4,94,48,67,98,15,50,92,26,31,38,101,40,7,90,75,65,6,81,56,85,91,10,11,9,16,54,60,49,105,14,33,45,25,97,72,109,107,8,19,103,64,37,101,46,6,13,87,86,96,81,69,56,75,88,83,11,90,10,91,80,110,54,52,99,94,65,38,7,32,58,100,60,53,105,67,4,51,97,14,40,9,73,12,49,95,109,72,45,21,25,37,81,85,78,48,83,110,15,8,19,46,91,56,103,94,87,13,6,22,64,61,107,10,96,27,69,86,75,33,100,90,97,52,14,88,65,80,89,105,11,36,38,99,16,54,60,51],"s":256,"weight":"READin"}