{"C":1.00000000000000000000e+00,"N":79,"WCE":1.79769313486231570815e+308,"entropy":9.21864869710154910543e-01,"genvec":[1,29,31,23,35,30,18,37,12,4,32,19,13,7,11,20,6,15,9,38,5,27,8,26,6,22,28,15,38,4,9,7],"s":32,"weight":"READin"}