{"C":1.00000000000000000000e+00,"N":59,"WCE":1.79769313486231570815e+308,"entropy":7.90055138320089334059e-01,"genvec":[1,18,14,16,24,19,10,22,26,4,3,25,13,12,21,6,17,27,29,4,5,26,15,25,13,3,17,4,27,29,23,7,11,20,28,9,8,12,5,21,2,22,10,28,11,13,9,6,17,15,20,8,26,2,21,12,5,28,11,9,23,15,20,7],"s":64,"weight":"READin"}