{"C":1.00000000000000000000e+00,"N":146161,"WCE":1.79769313486231570815e+308,"entropy":1.00000000000000000000e+00,"genvec":[1,78376,25559,7778,29003,75679,100439,32988],"s":8,"weight":"READin"}