{"C":1.00000000000000000000e+00,"N":1151,"WCE":1.79769313486231570815e+308,"entropy":1.00000000000000044409e+00,"genvec":[1,437,500,536,183,324,103,267,509,420,470,541,169,75,293,360,219,409,328,95,261,449,543,298,91,281,559,527,193,556,477,558],"s":32,"weight":"READin"}