{"C":1.00000000000000000000e+00,"N":709,"WCE":1.79769313486231570815e+308,"entropy":1.00000000000000000000e+00,"genvec":[1,293,165,267,187,190,100,84],"s":8,"weight":"READin"}