{"C":1.00000000000000000000e+00,"N":3343,"WCE":1.79769313486231570815e+308,"entropy":1.00000000000000044409e+00,"genvec":[1,1416,989,1148,935,655,1556,216,1066,127,487,368,696,746,582,416,966,1214,332,1467,1322,1609,1028,918,806,563,1394,302,1274,438,1006,1400],"s":32,"weight":"READin"}