{"C":1.00000000000000000000e+00,"N":397,"WCE":1.79769313486231570815e+308,"entropy":1.00000000000000066613e+00,"genvec":[1,163,175,153,38,65,45,146,185,48,139,28,68,161,165,167,138,109,147,40,97,171,151,30,43,77,126,49,52,54,32,164,12,93,101,53,85,183,22,100,59,124,23,83,10,168,178,179,193,36,125,42,121,127,113,134,150,133,160,197,58,196,190,141],"s":64,"weight":"READin"}