{"C":1.00000000000000000000e+00,"N":67,"WCE":1.79769313486231570815e+308,"entropy":6.08089609660254049039e-01,"genvec":[1,26,29,14,8,23,10,6,17,12,16,5,21,18,22,30,20,24,33,13,4,9,28,32,31,12,25,27,16,3,11,7,4,5,17,24,20,18,15,33,21,9,13,4,24,28,32,20,31,17,15,19,3,11,21,5,30,13,4,9,33,24,7,2,16,27,25,18,28,22,20,3,12,16,25,31,15,28,32,27,18,19,22,2,30,17,20,11,5,12,21,3,9,25,13,19,4,32,15,31,11,27,24,2,30,33,18,16,7,28,20,25,22,3,5,4,19,17,27,12,32,30,18,2,21,11,15,24,20,9,28,31,16,33,13,23,25,3,10,7,22,2,31,19,9,28,20,32,25,13,4,15,33,12,5,16,7,23,27,3,24,11,18,2,17,19,21,30,20,31,22,32,28,9,4,25,15,10,13,3,24,33,27,7,2,16,11,5,18,12,25,19,22,30,6,27,4,17,31,32,28,15,21,9,2,20,24,3,11,7,8,13,23,33,10,19,31,16,15,25,6,9,28,2,5,27,7,22,32,12,18,21,33,19,4,30,13,3,17,20,11,8,5,23,24,9,15,2,28,16,31,25,27,7,3,10],"s":256,"weight":"READin"}