{"C":1.00000000000000000000e+00,"N":23,"WCE":1.79769313486231570815e+308,"entropy":4.89403648089046794389e-01,"genvec":[1,10,4,6,7,9,8,5,3,2,11,7,3,2,11,9,8,5,3,2,11,8,5,7,3,2,11,9,8,5,3,2,11,7,11,9,8,5,3,2,11,7,5,3,11,8,2,9,3,4,7,5,11,1,6,8,10,2,9,3,4,7,5,11,1,2,6,8,10,9,1,6,8,10,2,9,3,4,7,11,5,1,6,8,10,2,9,3,4,7,11,5,1,6,8,10,2,9,3,4,7,11,5,1,6,8,10,2,9,3,4,7,11,5,1,6,8,10,2,9,3,4,7,11,5,1,6,8],"s":128,"weight":"READin"}