{"C":1.00000000000000000000e+00,"N":73,"WCE":1.79769313486231570815e+308,"entropy":9.99999999999999777955e-01,"genvec":[1,27,14,26,6,22,10,16,34,15,4,18,35,12,25,31],"s":16,"weight":"READin"}