{"C":1.00000000000000000000e+00,"N":9719,"WCE":1.79769313486231570815e+308,"entropy":1.00000000000000066613e+00,"genvec":[1,3712,3569,2713,2123,1489,1116,1048,4019,1830,3959,3263,4393,597,4715,3836,1658,2901,470,4098,1333,1608,3524,1546,2332,2749,2479,850,4040,2075,2801,1376,902,2024,3826,2241,2386,4503,872,3427,1093,951,4641,1987,2088,3665,1692,4727,3015,2407,2136,3935,2733,440,798,4299,1455,2928,750,1154,4684,1742,4119,594],"s":64,"weight":"READin"}