{"C":1.00000000000000000000e+00,"N":127,"WCE":1.79769313486231570815e+308,"entropy":5.26472831643141958580e-01,"genvec":[1,57,37,40,55,50,56,12,49,34,22,52,9,48,33,60,43,62,51,32,39,54,58,46,21,15,6,8,14,61,43,38,62,10,27,11,32,59,25,4,39,28,23,5,54,17,58,24,62,41,36,46,44,51,32,10,21,26,28,6,19,4,9,29,15,16,27,14,5,11,30,25,17,39,23,62,41,61,16,18,60,21,59,24,54,52,14,11,49,31,8,46,10,36,43,44,25,3,38,7,15,32,58,17,61,27,26,4,48,42,30,59,19,5,41,6,21,39,23,18,28,8,11,62,51,60,34,54,14,26,10,22,32,46,36,49,24,52,16,43,58,61,7,3,38,48,4,44,15,10,27,21,31,36,29,14,25,41,46,32,26,5,9,22,6,38,45,17,58,42,30,13,4,33,16,7,62,49,19,24,18,43,52,10,59,46,14,25,61,31,44,21,36,15,27,2,3,8,60,58,13,17,32,41,54,23,48,28,49,22,10,51,33,45,18,34,21,4,26,19,30,24,62,5,29,42,46,16,39,7,6,38,59,11,52,14,36,27,43,61,32,3,60,25,44,4,31,45,13,9,58,10,54,15,17,2,33,53,24,23,28,20,21,16,26,22,38,48,49,7,18,46,41,33,62,8,42,19,5,23,53,29,34,6,51,28,36,30,20,22,59,24,14,35,16,25,39,26,11,43,3,61,32,2,27,60,38,48,47,41,18,15,21,23,29,13,8,44,31,9,5,19,53,7,17,20,52,2,62,11,36,42,28,35,24,25,30,59,61,49,54,4,45,47,3,32,38,58,26,34,10,14,6,46,39,41,16,27,21,36,51,15,33,31,44,60,23,8,13,18,43,29,48,5,53,7,22,59,4,19,20,3,17,28,25,35,42,24,11,30,52,2,45,62,61,54,9,32,47,38,26,58,39,6,27,7,41,36,16,10,34,23,42,15,51,31,20,35,53,29,24,33,13,2,44,14,18,8,62,11,21,17,5,19,49,30,28,46,25,4,9,45,32,6,26,47,60,59,61,43,38,48,27,22,36,23,3,16,10,41,7,29,13,54,15,21,24,34,2,44,58,51,20,28,53,35,52,31,42,18,61,8,39,62,17,14,11,19,4,30,25,63,45,47,46,49,59,6,5,36,26,27,32,38,60,24,43,33,3,23,22,16,20,41,13,15,14,17,53,9,29,10,54,48,7,4,25,42,35,18,31,58,2,44,15,13,21,59,28,20,63,45,51,36,52,11,39,47,5,41,54,31,7,17,6,38,30,53,27,4,35,24,29,61,9,26,42,62,23,10,28,19,34,8,2,11,25,63,49,15,18,48,47,44,53,3,41,13,7,46,16,36,20,61,59,38,14,58,17,30,45,32,27,39,21,24,52,2,35,33,31,25,42,3,5,60,19,29,4,26,18,28,23,22,63,10,43,34,8,51,6,11,54,47,15,48,13,59,53,49,36,41,44,7,62,20,16,35,27,45,38,61,23,24,42,28,17,30,2,9,58,25,32,39,3,14,5,26,36,21,4,31,33,60,19,29,46,6,63,10,41,11,17,18,47,15,13,8,44,51,27,59,35,53,24,20,43,52,16,7,31,38,45,22,23,3,28,25,63,49,54,30,36,61,42,4,34,47,29,48,5,26,18,11,62,2,60,19,21,14,39,24,9,35,45,20,16,6,23,17,15,33,13,27,53,59,44,58,41,51,10,63,31,7,2,28,25,46,36,8,42,26,54,61,30,29,38,3,32,22,47,34,24,43,4,5,18,39,53,14,62,52,11,20,19,45,35,17,6,15,27,16,13,59,21,49,23,60,33,48,41,25,63,44,36,10,28,58,38,4,31,7,9,26,42,24,30,54,61,2,46,29,3,47,17,32,8,11,5,43,18,13,51,53,15,20,59,35,19,14,6,23,44,41,25,63,31,27,49,16,7,36,45,22,10,62,24,28,52,42,38,34,47,4,30,11,26,21,39,18,3,61,48,60,2,27,58,35,45,17,19,29,59,16,20,33,53,25,15,13,6,63,23,43,24,14,5,9,8,44,51,36,31,46,41,54,7,10,26,22,28,32,47,4,38,3,29,21,34,30,39,42,35,62,36,11,20,2,25,61,23,17,45,27,24,53,18,15,49,63,13,47,6,28,16,59,19,60,5,41,48,58,52,8,44,51,7,31,42,9,33,54,2,46,26,10,38,53,22,4,29,3,30,34,14,36,63,35,20,43,24,39,25,15,11,62,17,23,32,27,61,18,45,13,47,21,6,28,49,19,16,59,60,4,5,26,48,41,58,38,7,42,31,27,35,44,8,36,52,10,33,3,53,17,2,30,29,63,25,14,46,18,59,11,15,24,51,20,54,43,23,61,13,45,63,6,28,39,9,16,22,19,41,47,25,30,31,29,2,7,24,20,23,21,59,11,38,5,18,26,14,32,4,62,54,34,15,42,35,39,51,45,58,6,60,61,8,13,17,27,28,53,47,49,36,46,63,44,24,3,41,25,30,31,2,20,11,9,16,19,23,43,29,5,7,22,26,18,42,38,48,4,34,15,33,62,53,10,14,54,13,63,23,17,24,45,35,6,47,59,49,21,25,36,28,32,44,27,61,8,30,29,3,20,41,51,11,2,31,19,7,52,16,39,46,18,42,15,26,10,59,4,58,60,38,35,61,43,24,17,53,47,9,28,63,22,25,36,13,3,45,27,31,5,14,23,16,20,6,44,21,29,41,54,2,30,33,48,34,26,19,11,8,62,7,36,51,39,35,32,15,42,4,9,23,47,24,53,5,38,28,17,29,60,63,13,27,6,41,22,10,59,25,18,46,31,49,14,45,58,16,20,43,61,3,52,19,21,2,44,30,24,17,11,26,54,62,36,33,7,4,15,25,35,63,39,53,47,34,8,38,42,18,23,28,48,10,59,13,45,27,6,32,29,5,60,51,22,41,31,20,46,36,14,3,16,26,2,58,61,21,24,44,30,9,38,43,54,52,11,4,17,7,47,49,62,15,35,25,53,63,28,18,8,19,10,59,42,23,13,48,61,45,20,6,34,27,39,32,11,51,36,41,7,47,3,29,5,24,2,30,35,31,26,28,16,44,53,38,23,17,42,27,4,33,63,18,15,49,25,60,59,58,19,13,43,22,24,14,20,3,45,46,31,5,36,21,8,52,54,33,2,39,30,34,63,29,41,35,51,9,11,6,16,14,10,62,26,53,47,17,4,61,19,7,23,44,48,15,27,18,42,25,13,28,24,20,59,32,58,45,38,60,22,3,36,43,49,46,31,5,8,21,54,2,52,47,30,17,63,41,11,13,6,29,35,25,61,53,9,28,16,39,7,24,38,10,4,62,23,36,42,26,34,15,27,44,33,20,18,48,45,51,59,14,32,58,19,60,3,35,2,41,21,31,5,11,26,8,47,17,30,29,63,54,6,39,46,25,28,36,53,61,4,24,59,20,22,43,38,23,16,7,15,27,49,42,62,18,13,10,45,44,47,31,51,52,63,17,35,6,14,19,11,41,9,60,16,2,5,29,34,24,53,33,26,27,3,23,36,28,4,30,25,21,39,48,61,38,20,42,58,15,59,54,7,8,22,13,32,18,43,46,31,10,45,47,63,49,17,3,44,25,19,4,35,14,53,24,26,11,30,36,41,23,62,61,29,2,9,16,28,38,20,6,34,7,5,27,42,15,13,48,51,47,63,18,44,23,53,8,59,11,41,35,10,31,29,19,60,3,25,33,17,26,2,24,21,45,54,28,39,36,52,22,16,30,27,58,42,6,7,5,4,59,38,32,46,49,47,62,43,15,20,17,13,61,18,24,63,25,14,45,35,31,44,53,23,36,3,4,11,51,10,28,54,29,34,60,26,8,41,21,33,9,19,48,2,15,39,27,6,47,63,22,7,13,16,23,42,20,59,58,5,38,31,30,36,52,43,24,35,49,61,53,17,25,45,14,3,18,32,46,4,44,28,10,51,27,11,62,26,19,41,7,16,29,34,6,63,15,47,24,2,20,42,9,35,39,33,60,36,8,25,13,22,31,23,53,54,30,17,5,58,41,38,59,21,14,26,18,61,48,2,45,3,29,27,44,28,32,46,20,19,24,43,52,63,11,30,4,34,49,47,62,51,36,10,7,16,42,15,13,6,35,59,8,61,53,25,54,23,17,39,31,45,33,18,38,58,60,21,28,3,5,4,26,22,24,27,63,29,43,14,9,20,19,48,11,15,2,44,41,23,16,36,7,25,13,10,6,47,17,53,35,59,49,31,42,38,30,8,61,46,18,63,52,45,3,28,44,51,27,47,32,24,11,60,34,4,26,5,21,29,54,62,36,41,39,2,20,14,35,15,17,33,6,16,25,23,19,9,31,42,13,58,10,7,53,22,24,59,45,38,30,43,49,63,27,61,4,18,48,26,28,46,3,47,44,36,25,8,29,60,32,5,11,17,41,62,21,54,13,23,2,15,20,51,7,34,6,39,35,16,33,42,19,31,52,9,10,58,24,53,14,45,38,59,22,30,4,63,26,36,28,27,47,48,5,43,18,49,3,46,25,8,11,61,7,17,53,13,41,20,15,19,29,2,31,23,44,63,6,35,59,16,42,51,30,24,54,28,47,39,36,45,62,52],"s":2048,"weight":"READin"}