{"C":1.00000000000000000000e+00,"N":171917,"WCE":1.79769313486231570815e+308,"entropy":1.00000000000000000000e+00,"genvec":[1,70980,66604,46435,30582,51909,41946,50774],"s":8,"weight":"READin"}