{"C":1.00000000000000000000e+00,"N":8263,"WCE":1.79769313486231570815e+308,"entropy":9.99999999999999777955e-01,"genvec":[1,3468,2452,1875,3631,1418,2334,522,3072,703,2557,3950,1961,3351,3278,3799],"s":16,"weight":"READin"}