{"latfile": "genvecs_output_M2AN_MLQMC_sigma1_lambda005/lat-n3s1024alpha2.100000.json", "params": {"a3": 1, "lmax": 11, "alphahat": 3.11, "alpha": 2, "a2": 0.1, "smax": 2047, "sigma0": 1.0, "betahat": 1.51, "lambdaC": 0.05}, "result": -0.04230256632510988, "N": 8}