{"C":1.00000000000000000000e+00,"N":97,"WCE":1.79769313486231570815e+308,"entropy":6.82720429713733589772e-01,"genvec":[1,36,21,41,31,40,44,29,16,37,6,45,43,24,5,13,4,19,14,3,33,17,30,27,25,20,23,7,9,2,11,38,35,47,32,12,10,8,39,46,22,18,26,48,28,34,42,15,35,47,32,12,10,18,8,19,14,22,46,17,30,26,3,39,33,48,27,4,42,23,25,28,34,20,15,16,7,11,2,18,35,38,12,32,42,48,23,25,10,9,45,4,34,27,33,15,6,20,22,28,8,47,39,37,42,46,7,11,26,48,18,17,35,32,38,2,12,10,25,15,13,9,14,34,31,23,3,19,8,43,27,20,30,48,22,33,36,28,4,45,6,5,16,40,39,47,42,11,30,8,34,26,27,46,12,7,28,22,33,38,18,48,20,2,37,47,43,42,39,5,32,45,17,35,36,6,4,15,9,40,14,24,13,10,3,19,22,16,46,34,28,33,30,8,25,43,26,48,38,37,35,18,11,7,39,2,47,12,23,42,34,27,15,31,10,9,40,32,4,26,3,36,28,48,17,22,7,5,38,8,6,39,37,42,46,11,25,45,32,20,2,27,24,14,47,19,30,34,31,18,13,15,12,9,23,16],"s":256,"weight":"READin"}