{"C":1.00000000000000000000e+00,"N":83,"WCE":1.79769313486231570815e+308,"entropy":8.77844313884634463996e-01,"genvec":[1,30,36,32,27,40,24,5,21,33,4,14,9,34,26,22,38,6,29,20,37,8,7,13,10,3,25,23,35,2,31,18,15,28,12,41,17,16,39,11,19,38,28,6,29,41,15,16,11,20,12,39,37,17,7,8,31,19,35,23,33,3,2,18],"s":64,"weight":"READin"}