{"C":1.00000000000000000000e+00,"N":73,"WCE":1.79769313486231570815e+308,"entropy":9.99999999999999777955e-01,"genvec":[1,27,13,28,16,10,22,12,35,31,18,33,25,4,34,15],"s":16,"weight":"READin"}