{"C":1.00000000000000000000e+00,"N":1831,"WCE":1.79769313486231570815e+308,"entropy":1.00000000000000044409e+00,"genvec":[1,672,714,270,532,316,662,761,647,435,825,877,596,514,208,175,393,371,496,544,582,441,420,551,651,680,164,615,342,132,404,58],"s":32,"weight":"READin"}