{"C":1.00000000000000000000e+00,"N":89,"WCE":1.79769313486231570815e+308,"entropy":7.60234184250003997008e-01,"genvec":[1,34,25,40,12,33,35,37,41,28,4,21,30,23,19,39,24,9,42,2,15,27,17,6,32,44,10,26,18,29,8,14,11,3,13,5,16,36,43,38,22,7,31,20,3,11,5,13,16,36,24,31,7,38,22,42,43,2,20,17,27,15,6,16,10,14,11,18,13,44,29,7,3,8,36,5,26,32,9,4,21,28,38,11,29,24,10,43,44,36,31,14,13,32,3,22,41,5,8,18,20,17,26,6,27,7,42,4,33,38,30,9,22,34,12,2,15,32,28,31,43,10,11,21,41,18,13,29],"s":128,"weight":"READin"}