{"C":1.00000000000000000000e+00,"N":257,"WCE":1.79769313486231570815e+308,"entropy":9.79719748448109939432e-01,"genvec":[1,76,113,78,44,53,89,116,54,120,107,61,97,14,12,73,119,15,83,65,33,104,117,57,123,93,77,16,9,59,37,20,21,127,34,95,35,85,126,13,115,45,94,46,96,41,50,55,114,8,51,112,36,109,30,52,125,5,43,87,11,19,68,64,88,70,62,49,42,40,47,27,56,6,75,17,124,122,105,81,4,121,71,90,110,102,21,69,18,100,96,66,67,80,74,29,10,82,103,99,32,28,24,108,3,46,86,35,49,118,31,26,106,22,91,63,2,25,7,115,72,17,84,70,38,127,58,60],"s":128,"weight":"READin"}