{"C":1.00000000000000000000e+00,"N":5189,"WCE":1.79769313486231570815e+308,"entropy":1.00000000000000000000e+00,"genvec":[1,2174,1979,2131,1626,1899,1581,1109],"s":8,"weight":"READin"}