{"C":1.00000000000000000000e+00,"N":79,"WCE":1.79769313486231570815e+308,"entropy":1.00000000000000044409e+00,"genvec":[1,29,22,28,12,32,20,27,30,7,3,34,8,18,37,31,33,38,13,35,4,10,15,6,21,24,9,16,11,25,39,23],"s":32,"weight":"READin"}