{"C":1.00000000000000000000e+00,"N":15073,"WCE":1.79769313486231570815e+308,"entropy":1.00000000000000000000e+00,"genvec":[1,5821,6655,4564,3268,5727,4609,6792],"s":8,"weight":"READin"}