{"C":1.00000000000000000000e+00,"N":11,"WCE":1.79769313486231570815e+308,"entropy":5.85950994144128656238e-01,"genvec":[1,4,3,2,5,5,4,1,3,2,5,3,4,1,2,5],"s":16,"weight":"READin"}