{"C":1.00000000000000000000e+00,"N":233,"WCE":1.79769313486231570815e+308,"entropy":1.00000000000000066613e+00,"genvec":[1,89,64,98,40,44,56,104,19,30,51,66,12,69,53,62,68,81,67,42,103,70,75,108,115,39,86,7,94,11,96,18,5,46,73,110,16,58,85,50,71,77,114,87,93,63,4,92,84,72,26,100,29,9,10,38,113,88,34,15,54,8,99,111],"s":64,"weight":"READin"}