{"C":1.00000000000000000000e+00,"N":17,"WCE":1.79769313486231570815e+308,"entropy":3.00034121401841380461e-01,"genvec":[1,7,4,6,8,5,2,3,7,8,5,2,1,3,4,5,8,6,7,2,1,4,3,6,8,7,2,5,1,4,3,6,8,7,8,2,5,7,1,4,6,3,8,2,5,7,1,4,6,3,8,2,5,7,1,4,6,3,8,2,5,7,1,4,6,3,8,5,2,6,1,7,8,3,2,5,4,6,1,7,8,3,2,5,4,6,1,7,8,3,2,5,4,6,1,7,8,3,2,5,4,6,1,7,8,3,2,5,4,6,1,7,8,3,2,5,4,6,1,7,8,3,2,5,4,6,1,7,8,3,2,5,4,1,7,6,8,3,2,5,4,1,7,6,8,3,2,5,4,1,7,6,8,3,2,5,4,1,7,6,8,3,2,5,4,1,7,6,8,3,2,5,4,1,7,6,8,3,2,5,4,1,7,6,8,3,2,5,4,1,7,6,8,3,2,5,4,1,7,6,8,3,2,5,4,1,7,6,8,3,2,5,4,1,7,6,8,3,2,5,4,1,7,6,8,3,2,5,4,1,7,6,8,3,2,5,4,1,7,6,8,3,2,5,4,1,7,6,8,3,2,5,4,1,7,6,8,3,2,8,5,3,4,2,8,6,7,1,5,3,4,2,8,6,7,1,5,3,4,2,8,6,7,1,5,3,4,2,8,6,7,1,5,3,4,2,8,6,7,1,5,3,4,2,8,6,7,1,5,3,4,2,8,6,7,1,5,3,4,2,8,6,7,1,5,3,4,2,8,6,7,1,5,3,4,2,8,6,7,1,5,3,4,2,8,6,7,1,5,3,4,2,8,6,7,1,5,3,4,2,8,6,7,1,5,3,4,2,8,6,7,1,5,3,4,2,8,6,7,1,5,3,4,2,8,6,7,1,5,3,4,2,8,6,7,1,5,3,4,2,8,6,7,1,5,3,4,2,8,6,7,1,5,3,4,2,8,6,7,1,5,3,4,2,8,6,7,1,5,3,4,2,8,6,7,1,5,3,4,2,8,6,7,1,5,3,4,2,8,6,7,1,5,3,4,2,8,6,7,1,5,3,4,2,8,6,7,1,5,3,4,2,8,6,7,1,5,3,4,2,8,6,7,1,5,3,4,2,8,6,7,1,5,3,4,2,8,6,7,1,5,3,4,2,8,6,7,1,5,3,4,2,8,7,6,1,5,8,3,1,5,4,7,6,2,8,3,1,5,4,7,6,2,8,3,1,5,4,7,6,2,8,3,1,5,4,7,6,2,8,3,1,5,4,7,6,2,8,3,1,5,4,7,6,2,8,3,1,5,4,7,6,2,8,3,1,5,4,7,6,2,8,3,1,5,4,7,6,2,8,3,1,5,4,7,6,2,8,3,1,5,4,7,6,2,8,3,1,5,4,7,6,2,8,3,1,5,4,7,6,2,8,3,1,5,4,7,6,2,8,3,1,5,4,7,6,2,8,3,1,5,4,7,6,2,8,3,1,5,4,7,6,2,8,3,1,5,4,7,6,2,8,3,1,5,4,7,6,2,8,3,1,5,4,7,6,2,8,3,1,5,4,7,6,2,8,3,1,5,4,7,6,2,8,3,1,5,4,7,6,2,8,3,1,5,4,7,6,2,8,3,1,5,4,7,6,2,8,3,1,5,4,7,6,2,8,3,1,5,4,7,6,2,8,3,1,5,4,7,6,2,8,3,1,5,4,7,6,2,8,3,1,5,4,7,6,2,8,3,1,5,4,7,6,2,8,3,1,5,4,7,6,2,8,3,1,5,4,7,6,2,8,3,1,5,4,7,6,2,8,3,1,5,4,7,6,2,8,3,1,5,4,7,6,2,8,3,1,5,4,7,6,2,8,3,1,5,4,7,6,2,8,3,1,5,4,7,6,2,8,3,1,5,4,7,6,2,8,3,1,5,4,7,6,2,8,3,1,5,4,7,6,2,8,3,1,5,4,7,6,2,8,3,1,5,4,7,6,2,8,3,1,5,4,7,6,2,8,3,1,5,4,7,6,2,8,3,1,5,4,7,6,2,8,3,1,5,4,7,6,2,8,3,1,5,4,7,6,2,8,3,1,5,4,7,6,2,8,3,1,5,4,7,6,2,8,3,1,5,4,7,6,2,8,3,1,5,4,7,6,2,8,3,1,5,4,7,6,2,8,3,1,5,4,7,6,2,8,3,1,5,4,7,6,2,8,3,1,5,4,7,6,2,8,3,1,5,4,7,6,2,8,3,1,5,4,7,6,2,8,3,1,5,4,7,6,2,8,3,1,5,4,7,6,2,8,3,1,5,4,7,6,2,8,3,1,5,4,6,7,2,8,3,1],"s":1024,"weight":"READin"}