{"C":1.00000000000000000000e+00,"N":37,"WCE":1.79769313486231570815e+308,"entropy":5.21297704861798716358e-01,"genvec":[1,10,11,14,6,8,3,16,2,12,15,18,13,4,5,9,17,7,17,7,12,2,15,18,10,8,6,13,9,5,4,7,17,1,11,3,18,12,16,15,2,17,13,6,10,8,1,11,9,5,3,7,4,18,12,16,15,2,17,14,13,10,6,8,1,9,11,3,5,15,4,18,7,16,12,9,1,11,17,2,14,3,5,15,12,16,4,18,13,7,10,6,9,2,8,17,11,1,14,3,5,15,12,16,4,18,13,7,10,6,9,2,8,17,11,1,14,3,5,15,12,16,4,18,13,7,10,6,9,2,8,1,11,17,14,3,8,5,2,9,11,1,15,16,17,12,14,4,6,10,13,3,7,18,8,5,2,9,11,1,15,16,17,12,14,4,6,10,13,3,7,18,8,5,2,9,11,1,15,16,17,12,14,4,6,10,13,3,7,18,8,5,2,9,11,1,15,16,17,12,14,4,6,10,13,3,7,18,8,5,2,9,11,1,15,16,17,12,14,4,6,10,13,3,7,18,8,5,2,9,11,1,15,16,17,12,14,4,6,10,13,3,7,18,8,5,2,9,11,1,15,16,17,12,14,4],"s":256,"weight":"READin"}