{"C":1.00000000000000000000e+00,"N":223,"WCE":1.79769313486231570815e+308,"entropy":1.00000000000000044409e+00,"genvec":[1,68,82,86,107,21,93,39,15,33,24,20,44,57,69,108,25,71,84,64,96,80,6,73,14,27,38,26,46,45,55,8],"s":32,"weight":"READin"}