{"C":1.00000000000000000000e+00,"N":1777,"WCE":1.79769313486231570815e+308,"entropy":9.99999999999999777955e-01,"genvec":[1,657,824,625,378,746,389,581,521,161,676,534,687,775,684,602],"s":16,"weight":"READin"}