{"C":1.00000000000000000000e+00,"N":31,"WCE":1.79769313486231570815e+308,"entropy":5.58469534748569640392e-01,"genvec":[1,12,13,14,4,10,8,11,6,5,3,2,9,15,7,6,5,4,10,2,9,3,12,15,7,13,1,11,8,3,5,2,12,9,7,4,10,15,14,9,12,10,4,6,1,13,8,11,7,3,15,2,5,9,14,12,10,4,6,1,13,8,11,7,3,15,2,5,3,2,14,5,9,15,12,10,6,4,1,13,14,8,11,7,6,9,1,5,4,3,10,15,12,2,13,14,8,11,7,6,9,1,5,4,3,10,15,12,2,13,14,8,11,7,6,9,1,5,4,3,10,15,12,2,13,14,8,11],"s":128,"weight":"READin"}