{"C":1.00000000000000000000e+00,"N":673,"WCE":1.79769313486231570815e+308,"entropy":1.00000000000000066613e+00,"genvec":[1,284,264,188,276,127,81,196,258,164,231,36,217,244,95,205,125,219,65,55,70,120,75,51,186,333,166,23,64,270,199,317,57,104,42,113,310,100,107,197,63,220,124,134,247,80,103,212,229,241,167,149,45,209,335,154,136,306,29,43,331,48,176,28],"s":64,"weight":"READin"}