{"C":1.00000000000000000000e+00,"N":607,"WCE":1.79769313486231570815e+308,"entropy":9.99999999999999777955e-01,"genvec":[1,251,268,185,273,109,68,195,50,248,160,290,24,153,279,112],"s":16,"weight":"READin"}