{"C":1.00000000000000000000e+00,"N":631,"WCE":1.79769313486231570815e+308,"entropy":1.00000000000000044409e+00,"genvec":[1,234,262,228,102,146,110,60,67,258,221,195,77,132,49,54,75,84,266,183,89,207,119,269,104,248,148,160,283,95,276,56],"s":32,"weight":"READin"}