{"C":1.00000000000000000000e+00,"N":11,"WCE":1.79769313486231570815e+308,"entropy":7.96453035938272768668e-01,"genvec":[1,4,3,2,5,5,4,1],"s":8,"weight":"READin"}