{"C":1.00000000000000000000e+00,"N":11,"WCE":1.79769313486231570815e+308,"entropy":3.87660899364029587488e-01,"genvec":[1,4,3,2,5,5,4,1,3,2,5,3,4,1,2,5,3,4,3,2,5,1,4,3,2,5,1,4,3,2,5,1,4,4,3,2,5,1,4,3,2,5,1,4,3,2,5,1,4,3,2,5,1,4,3,2,5,1,4,3,2,5,1,4],"s":64,"weight":"READin"}