{"C":1.00000000000000000000e+00,"N":5119,"WCE":1.79769313486231570815e+308,"entropy":9.99999999999999777955e-01,"genvec":[1,1496,1984,1633,1527,967,1010,893,1958,687,785,841,2511,321,1555,746],"s":16,"weight":"READin"}