{"C":1.00000000000000000000e+00,"N":29,"WCE":1.79769313486231570815e+308,"entropy":6.34510157141236486034e-01,"genvec":[1,12,8,9,6,14,13,11,5,2,4,7,3,10,12,2,14,3,7,5,4,6,10,8,1,11,13,5,7,4,3,14,6,10,2,9,8,6,1,13,11,12,10,4,7,3,5,2,9,14,8,6,1,13,11,12,10,4,7,3,5,2,9,14],"s":64,"weight":"READin"}