{"C":1.00000000000000000000e+00,"N":13,"WCE":1.79769313486231570815e+308,"entropy":2.87302872387794672182e-01,"genvec":[1,5,3,2,6,4,5,6,4,1,3,2,4,3,1,5,6,2,4,6,1,3,2,5,4,6,1,3,2,5,4,6,1,3,2,5,4,1,6,3,2,5,4,1,6,3,2,5,4,1,6,3,2,5,4,1,6,3,2,5,4,1,6,3,2,4,5,2,1,5,6,4,3,2,1,5,6,4,3,2,1,5,6,4,3,2,1,5,6,4,3,2,1,5,6,4,3,2,1,5,6,4,3,2,1,5,6,4,3,2,1,5,6,4,3,2,1,5,6,4,3,2,1,5,6,4,3,2,1,5,6,4,3,2,1,5,6,4,3,2,1,5,6,4,3,2,1,5,6,4,3,2,1,5,6,4,3,2,1,5,6,4,3,2,1,5,6,4,3,2,1,5,6,4,3,2,1,5,6,4,3,2,1,5,6,4,3,2,1,5,6,4,3,2,1,5,6,4,3,2,1,5,6,4,3,2,1,5,6,4,3,2,1,5,6,4,3,2,1,5,6,4,3,2,1,5,6,4,3,2,1,5,6,4,3,2,1,5,6,4,3,2,1,5,6,4,3,2,1,5,6,4,3,2,1,5,6,4,3,6,4,1,2,5,3,6,4,1,2,5,3,6,4,1,2,5,3,6,4,1,2,5,3,6,4,1,2,5,3,6,4,1,2,5,3,6,4,1,2,5,3,6,4,1,2,5,3,6,4,1,2,5,3,6,4,1,2,5,3,6,4,1,2,5,3,6,4,1,2,5,3,6,4,1,2,5,3,6,4,1,2,5,3,6,4,1,2,5,3,6,4,1,2,5,3,6,4,1,2,5,3,6,4,1,2,5,3,6,4,1,2,5,3,6,4,1,2,5,3,6,4,1,2,5,3,6,4,1,2,5,3,6,4,1,2,5,3,6,4,1,2,5,3,6,4,1,2,5,3,6,4,1,2,5,3,6,4,1,2,5,3,6,4,1,2,5,3,6,4,1,2,5,3,6,4,1,2,5,3,6,4,1,2,5,3,6,4,1,2,5,3,6,4,1,2,5,3,6,4,1,2,5,3,6,4,1,2,5,3,6,4,1,2,5,3,6,4,1,2,5,3,6,4,1,2,5,3,6,4,1,2,5,3,6,4,1,2,5,3,6,4,1,2,5,3,6,4,1,2,5,3,6],"s":512,"weight":"READin"}