{"latfile": "genvecs_output_M2AN_MLQMC_0_new/lat-n3s16384alpha2.100000.json", "params": {"a3": 1, "lmax": 11, "alphahat": 3.11, "alpha": 2, "a2": 0.1, "smax": 2047, "sigma0": 1.0, "betahat": 1.51, "lambdaC": 0.05}, "result": -0.04240586256092499, "N": 12}