{"latfile": "genvecs_output_M2AN_MLQMC_2_new/lat-n3s4096alpha10.100000.json", "params": {"a3": 1, "lmax": 11, "alphahat": 3.11, "alpha": 4, "a2": 0.1, "smax": 2047, "sigma0": 0.25, "betahat": 1.51, "lambdaC": 0.1}, "result": -0.02563947913154227, "N": 10}