{"C":1.00000000000000000000e+00,"N":97,"WCE":1.79769313486231570815e+308,"entropy":6.96219014512684197804e-01,"genvec":[1,36,21,41,35,20,29,22,6,16,23,45,24,9,33,5,19,14,13,17,30,4,43,47,40,7,12,27,42,25,2,37,39,32,46,44,38,15,8,10,26,18,48,31,28,3,34,11,38,8,10,26,18,32,46,39,3,28,48,11,30,31,17,44,14,4,34,15,19,13,36,43,20,47,23,35,2,21,12,16,45,40,37,1,34,25,27,42,15,6,7,4,36,13,10,43,19,48,23,8,14,44,3,31,5,38,32,26,18,20,24,34,11,15,47,35,39,2,37,28,16,40,7,46,12,42,27,25,45,29,1,22,6,17,33,21,30,9,4,26,10,18,38,48,11,13,8,46,3,31,34,14,15,44,32,19,36,43,40,24,39,45,28,6,37,1,10,47,33,17,21,35,4,30,22,5,18,13,16,29,41,23,2,45,36,20,27,48,44,38,12,14,3,8,43,26,34,46,31,30,19,11,47,42,9,32,28,24,7,39,5,40,2,15,25,6,17,33,21,37,35,1,22,29,16,41,20,18,13,23,4,45,36,27,48,44,10,38,12,14,3,8,43,26,34,46,31,30,19,11,47,42,9,32,28,24],"s":256,"weight":"READin"}