{"C":1.00000000000000000000e+00,"N":5119,"WCE":1.79769313486231570815e+308,"entropy":9.99999999999999777955e-01,"genvec":[1,1496,1984,2234,2334,1423,1012,343,2076,1169,362,2114,482,2012,1900,1360],"s":16,"weight":"READin"}