{"C":1.00000000000000000000e+00,"N":89,"WCE":1.79769313486231570815e+308,"entropy":7.76188692986120809536e-01,"genvec":[1,34,25,40,12,33,35,37,41,4,30,21,39,23,19,5,9,24,2,14,17,44,32,3,29,13,11,8,18,42,15,27,28,20,6,7,38,36,43,10,16,22,31,26,6,7,17,10,28,16,44,31,26,36,43,38,2,24,20,22,14,34,30,32,3,27,12,33,9,4,11,21,29,13,18,15,25,41,8,42,3,10,1,28,31,26,6,16,36,22,7,38,20,39,27,5,43,4,29,9,33,12,15,21,13,32,1,41,11,18,17,14,8,19,37,10,44,6,23,35,25,31,42,34,2,28,24,9],"s":128,"weight":"READin"}