{"C":1.00000000000000000000e+00,"N":29,"WCE":1.79769313486231570815e+308,"entropy":9.31744526717382504089e-01,"genvec":[1,12,8,9,6,14,4,13,5,7,11,2,3,10,12,14],"s":16,"weight":"READin"}