{"C":1.00000000000000000000e+00,"N":233,"WCE":1.79769313486231570815e+308,"entropy":1.00000000000000066613e+00,"genvec":[1,89,64,98,40,44,56,104,19,30,51,35,31,68,53,103,6,69,75,111,96,94,81,73,42,108,115,114,46,4,110,85,86,67,39,7,50,24,9,33,58,77,16,70,36,20,15,26,113,82,62,11,102,43,54,66,87,63,72,47,76,84,48,5],"s":64,"weight":"READin"}