{"C":1.00000000000000000000e+00,"N":73,"WCE":1.79769313486231570815e+308,"entropy":1.00000000000000000000e+00,"genvec":[1,27,13,14,10,16,6,22],"s":8,"weight":"READin"}