{"C":1.00000000000000000000e+00,"N":31,"WCE":1.79769313486231570815e+308,"entropy":5.58673249275320249474e-01,"genvec":[1,12,13,14,4,10,6,8,11,5,9,2,7,15,3,10,4,12,9,1,13,2,5,7,11,3,8,6,15,9,12,2,14,5,1,11,13,7,4,10,14,5,8,3,1,4,6,11,13,7,15,12,10,2,9,14,8,5,3,1,4,6,11,13,7,15,12,10,14,2,15,9,12,4,5,3,7,1,13,11,8,6,10,14,2,15,9,12,4,5,3,7,1,13,11,8,6,10,14,2,15,9,12,4,5,3,7,1,13,11,8,6,10,14,2,15,9,12,4,5,3,7,1,13,11,8,6,10],"s":128,"weight":"READin"}