{"C":1.00000000000000000000e+00,"N":211,"WCE":1.79769313486231570815e+308,"entropy":9.99999999999999777955e-01,"genvec":[1,64,89,80,27,41,93,24,39,95,77,98,35,28,26,46],"s":16,"weight":"READin"}