{"C":1.00000000000000000000e+00,"N":13,"WCE":1.79769313486231570815e+308,"entropy":3.23336049418686821699e-01,"genvec":[1,5,3,2,6,4,5,6,4,1,3,2,3,4,1,5,6,2,3,6,4,1,5,2,3,6,4,1,5,2,3,6,4,1,5,2,4,1,3,5,2,6,4,1,3,5,2,6,4,1,3,5,2,6,4,1,3,5,2,6,4,1,3,5,2,6,2,6,4,3,1,5,2,6,4,3,1,5,2,6,4,3,1,5,2,6,4,3,1,5,2,6,4,3,1,5,2,6,4,3,1,5,2,6,4,3,1,5,2,6,4,3,1,5,2,6,4,3,1,5,2,6,4,3,1,5,2,6,4,3,1,5,4,1,3,2,6,5,4,1,3,2,6,5,4,1,3,2,6,5,4,1,3,2,6,5,4,1,3,2,6,5,4,1,3,2,6,5,4,1,3,2,6,5,4,1,3,2,6,5,4,1,3,2,6,5,4,1,3,2,6,5,4,1,3,2,6,5,4,1,3,2,6,5,4,1,3,2,6,5,4,1,3,2,6,5,4,1,3,2,6,5,4,1,3,2,6,5,4,1,3,2,6,5,4,1,3,2,6,5,4,1,3,2,6,5,4,1,3,2,6,5,4,1,3,2],"s":256,"weight":"READin"}