{"C":1.00000000000000000000e+00,"N":17,"WCE":1.79769313486231570815e+308,"entropy":3.00039605698169120629e-01,"genvec":[1,7,4,6,8,5,2,3,7,8,5,1,4,3,2,6,8,5,7,1,4,7,6,8,2,5,1,3,4,7,6,8,2,5,1,3,4,5,2,3,1,7,8,6,4,5,2,3,1,7,8,6,4,5,2,3,1,7,8,6,4,5,2,3,1,8,7,4,6,1,5,2,8,7,6,4,3,1,5,2,8,7,6,4,3,1,5,2,8,7,6,4,3,1,5,2,8,7,6,4,3,1,5,2,8,7,6,4,3,1,5,2,8,7,6,4,3,1,5,2,8,7,6,4,1,3,5,2,8,7,6,4,8,3,1,7,6,4,5,2,8,3,7,1,6,4,5,2,8,3,1,7,6,4,5,2,8,3,7,1,6,4,5,2,8,3,7,1,6,4,5,2,8,3,7,1,6,4,5,2,8,3,7,1,6,4,5,2,8,3,7,1,6,4,5,2,8,3,7,1,6,4,5,2,8,3,7,1,6,4,5,2,8,3,7,1,6,4,5,2,8,3,7,1,6,4,5,2,8,3,7,1,6,4,5,2,8,3,7,1,6,4,5,2,8,3,7,1,6,4,5,2,8,3,1,7,6,4,5,2,6,8,7,1,4,5,3,2,6,8,7,1,4,5,3,2,6,8,7,1,4,5,3,2,6,8,7,1,4,5,3,2,6,8,7,1,4,5,3,2,6,8,7,1,4,5,3,2,6,8,7,1,4,5,3,2,6,8,7,1,4,5,3,2,6,8,7,1,4,5,3,2,6,8,7,1,4,5,3,2,6,8,7,1,4,5,3,2,6,8,7,1,4,5,3,2,6,8,7,1,4,5,3,2,6,8,7,1,4,5,3,2,6,8,7,1,4,5,3,2,6,8,7,1,4,5,3,2,6,8,7,1,4,5,3,2,6,8,7,1,4,5,3,2,6,8,7,1,4,5,3,2,6,8,7,1,4,5,3,2,6,8,7,1,4,5,3,2,6,8,7,1,4,5,3,2,6,8,7,1,4,5,3,2,6,8,7,1,4,5,3,2,6,8,7,1,4,5,3,2,6,8,7,1,4,5,3,2,6,8,7,1,4,5,3,2,6,8,7,1,4,5,3,2,6,8,7,1,4,5,3,2,6,8,7,1,4,5,3,2,6,8,7,1,4,5,3,2,6,8,7,1,4,5,3,2,6,4,3,5,2,8,6,7,1,4,3,5,2,8,6,7,1,4,3,5,2,8,6,7,1,4,3,5,2,8,6,7,1,4,3,5,2,8,6,7,1,4,3,5,2,8,6,7,1,4,3,5,2,8,6,7,1,4,3,5,2,8,6,7,1,4,3,5,2,8,6,7,1,4,3,5,2,8,6,7,1,4,3,5,2,8,6,7,1,4,3,5,2,8,6,7,1,4,3,5,2,8,6,7,1,4,3,5,2,8,6,7,1,4,3,5,2,8,6,7,1,4,3,5,2,8,6,7,1,4,3,5,2,8,6,7,1,4,3,5,2,8,6,7,1,4,3,5,2,8,6,7,1,4,3,5,2,8,6,7,1,4,3,5,2,8,6,7,1,4,3,5,2,8,6,7,1,4,3,5,2,8,6,7,1,4,3,5,2,8,6,7,1,4,3,5,2,8,6,7,1,4,3,5,2,8,6,7,1,4,3,5,2,8,6,7,1,4,3,5,2,8,6,7,1,4,3,5,2,8,6,7,1,4,3,5,2,8,6,7,1,4,3,5,2,8,6,7,1,4,3,5,2,8,6,7,1,4,3,5,2,8,6,7,1,4,3,5,2,8,6,7,1,4,3,5,2,8,6,7,1,4,3,5,2,8,6,7,1,4,3,5,2,8,6,7,1,4,3,5,2,8,6,7,1,4,3,5,2,8,6,7,1,4,3,5,2,8,6,7,1,4,3,5,2,8,6,7,1,4,3,5,2,8,6,7,1,4,3,5,2,8,6,7,1,4,3,5,2,8,6,7,1,4,3,5,2,8,6,7,1,4,3,5,2,8,6,7,1,4,3,5,2,8,6,7,1,4,3,5,2,8,6,7,1,4,3,5,2,8,6,7,1,4,3,5,2,8,6,7,1,4,3,5,2,8,6,7,1,4,3,5,2,8,6,7,1,4,3,5,2,8,6,7,1,4,3,5,2,8,6,7,1,4,3,5,2,8,6,7,1,4,3,5,2,8,6,7,1,4,3,5,2,8,6,7,1,4,3,5,2,8,6,7,1,4,3,5,2,8,6,7,1,4,3,5,2,8,6,7,1,4,3,5,2,8,6,7,1,4,3,5,2,8,6,7,1,4,3,5,2,8,6,7,1,4,3,5],"s":1024,"weight":"READin"}