{"C":1.00000000000000000000e+00,"N":7,"WCE":1.79769313486231570815e+308,"entropy":1.44096323179292162830e-01,"genvec":[1,3,2,3,1,2,1,2,3,1,2,3,1,2,3,1,2,3,2,3,1,2,3,1,2,3,1,2,3,1,2,3,1,1,2,3,1,2,3,1,2,3,1,2,3,1,2,3,1,2,3,1,2,3,1,2,3,1,2,3,1,2,3,1,2,3,2,3,1,2,3,1,2,3,1,2,3,1,2,3,1,2,3,1,2,3,1,2,3,1,2,3,1,2,3,1,2,3,1,2,3,1,2,3,1,2,3,1,2,3,1,2,3,1,2,3,1,2,3,1,2,3,1,2,3,1,2,3,1,1,2,3,1,2,3,1,2,3,1,2,3,1,2,3,1,2,3,1,2,3,1,2,3,1,2,3,1,2,3,1,2,3,1,2,3,1,2,3,1,2,3,1,2,3,1,2,3,1,2,3,1,2,3,1,2,3,1,2,3,1,2,3,1,2,3,1,2,3,1,2,3,1,2,3,1,2,3,1,2,3,1,2,3,1,2,3,1,2,3,1,2,3,1,2,3,1,2,3,1,2,3,1,2,3,1,2,3,1,2,3,1,2,3,1,2,3,1,2,3,1,2,3,1,2,3,1,2,3,2,1,3,2,1,3,2,1,3,2,1,3,2,1,3,2,1,3,2,1,3,2,1,3,2,1,3,2,1,3,2,1,3,2,1,3,2,1,3,2,1,3,2,1,3,2,1,3,2,1,3,2,1,3,2,1,3,2,1,3,2,1,3,2,1,3,2,1,3,2,1,3,2,1,3,2,1,3,2,1,3,2,1,3,2,1,3,2,1,3,2,1,3,2,1,3,2,1,3,2,1,3,2,1,3,2,1,3,2,1,3,2,1,3,2,1,3,2,1,3,2,1,3,2,1,3,2,1,3,2,1,3,2,1,3,2,1,3,2,1,3,2,1,3,2,1,3,2,1,3,2,1,3,2,1,3,2,1,3,2,1,3,2,1,3,2,1,3,2,1,3,2,1,3,2,1,3,2,1,3,2,1,3,2,1,3,2,1,3,2,1,3,2,1,3,2,1,3,2,1,3,2,1,3,2,1,3,2,1,3,2,1,3,2,1,3,2,1,3,2,1,3,2,1,3,2,1,3,2,1,3,2,1,3,2,1,3,2,1,3,2,1,3,2,1,3,2,1,3,2,1,3,2,1,2,3,2,3,1,2,3,1,2,3,1,2,3,1,2,3,1,2,3,1,2,3,1,2,3,1,2,3,1,2,3,1,2,3,1,2,3,1,2,3,1,2,3,1,2,3,1,2,3,1,2,3,1,2,3,1,2,3,1,2,3,1,2,3,1,2,3,1,2,3,1,2,3,1,2,3,1,2,3,1,2,3,1,2,3,1,2,3,1,2,3,1,2,3,1,2,3,1,2,3,1,2,3,1,2,3,1,2,3,1,2,3,1,2,3,1,2,3,1,2,3,1,2,3,1,2,3,1,2,3,1,2,3,1,2,3,1,2,3,1,2,3,1,2,3,1,2,3,1,2,3,1,2,3,1,2,3,1,2,3,1,2,3,1,2,3,1,2,3,1,2,3,1,2,3,1,2,3,1,2,3,1,2,3,1,2,3,1,2,3,1,2,3,1,2,3,1,2,3,1,2,3,1,2,3,1,2,3,1,2,3,1,2,3,1,2,3,1,2,3,1,2,3,1,2,3,1,2,3,1,2,3,1,2,3,1,2,3,1,2,3,1,2,3,1,2,3,1,2,3,1,2,3,1,2,3,1,2,3,1,2,3,1,2,3,1,2,3,1,2,3,1,2,3,1,2,3,1,2,3,1,2,3,1,2,3,1,2,3,1,2,3,1,2,3,1,2,3,1,2,3,1,2,3,1,2,3,1,2,3,1,2,3,1,2,3,1,2,3,1,2,3,1,2,3,1,2,3,1,2,3,1,2,3,1,2,3,1,2,3,1,2,3,1,2,3,1,2,3,1,2,3,1,2,3,1,2,3,1,2,3,1,2,3,1,2,3,1,2,3,1,2,3,1,2,3,1,2,3,1,2,3,1,2,3,1,2,3,1,2,3,1,2,3,1,2,3,1,2,3,1,2,3,1,2,3,1,2,3,1,2,3,1,2,3,1,2,3,1,2,3,1,2,3,1,2,3,1,2,3,1,2,3,1,2,3,1,2,3,1,2,3,1,2,3,1,2,3,1,2,3,1,2,3,1,2,3,1,2,3,1,2,3,1,2,3,1,2,3,1,2,3,1,2,3,1,2,3,1,2,3,1,2,3,1,2,3,1,2,3,1,2,3,1,2,3,1,2,3,1,2,3,1,2,3,1,2,3,1,2,3,1,3,2,3,2,1,3,2,1,3,2,1,3,2,1,3,2,1,3,2,1,3,2,1,3,2,1,3,2,1,3,2,1,3,2,1,3,2,1,3,2,1,3,2,1,3,2,1,3,2,1,3,2,1,3,2,1,3,2,1,3,2,1,3,2,1,3,2,1,3,2,1,3,2,1,3,2,1,3,2,1,3,2,1,3,2,1,3,2,1,3,2,1,3,2,1,3,2,1,3,2,1,3,2,1,3,2,1,3,2,1,3,2,1,3,2,1,3,2,1,3,2,1,3,2,1,3,2,1,3,2,1,3,2,1,3,2,1,3,2,1,3,2,1,3,2,1,3,2,1,3,2,1,3,2,1,3,2,1,3,2,1,3,2,1,3,2,1,3,2,1,3,2,1,3,2,1,3,2,1,3,2,1,3,2,1,3,2,1,3,2,1,3,2,1,3,2,1,3,2,1,3,2,1,3,2,1,3,2,1,3,2,1,3,2,1,3,2,1,3,2,1,3,2,1,3,2,1,3,2,1,3,2,1,3,2,1,3,2,1,3,2,1,3,2,1,3,2,1,3,2,1,3,2,1,3,2,1,3,2,1,3,2,1,3,2,1,3,2,1,3,2,1,3,2,1,3,2,1,3,2,1,3,2,1,3,2,1,3,2,1,3,2,1,3,2,1,3,2,1,3,2,1,3,2,1,3,2,1,3,2,1,3,2,1,3,2,1,3,2,1,3,2,1,3,2,1,3,2,1,3,2,1,3,2,1,3,2,1,3,2,1,3,2,1,3,2,1,3,2,1,3,2,1,3,2,1,3,2,1,3,2,1,3,2,1,3,2,1,3,2,1,3,2,1,3,2,1,3,2,1,3,2,1,3,2,1,3,2,1,3,2,1,3,2,1,3,2,1,3,2,1,3,2,1,3,2,1,3,2,1,3,2,1,3,2,1,3,2,1,3,2,1,3,2,1,3,2,1,3,2,1,3,2,1,3,2,1,3,2,1,3,2,1,3,2,1,3,2,1,3,2,1,3,2,1,3,2,1,3,2,1,3,2,1,3,2,1,3,2,1,3,2,1,3,2,1,3,2,1,3,2,1,3,2,1,3,2,1,3,2,1,3,2,1,3,2,1,3,2,1,3,2,1,3,2,1,3,2,1,3,2,1,3,2,1,3,2,1,3,2,1,3,2,1,3,2,1,3,2,1,3,2,1,3,2,1,3,2,1,3,2,1,3,2,1,3,2,1,3,2,1,3,2,1,3,2,1,3,2,1,3,2,1,3,2,1,3,2,1,3,2,1,3,2,1,3,2,1,3,2,1,3,2,1,3,2,1,3,2,1,3,2,1,3,2,1,3,2,1,3,2,1,3,2,1,3,2,1,3,2,1,3,2,1,3,2,1,3,2,1,3,2,1,3,2,1,3,2,1,3,2,1,3,2,1,3,2,1,3,2,1,3,2,1,3,2,1,3,2,1,3,2,1,3,2,1,3,2,1,3,2,1,3,2,1,3,2,1,3,2,1,3,2,1,3,2,1,3,2,1,3,2,1,3,2,1,3,2,1,3,2,1,3,2,1,3,2,1,3,2,1,3,2,1,3,2,1,3,2,1,3,2,1,3,2,1,3,2,1,3,2,1,3,2,1,3,2,1,3,2,1,3,2,1,3,2,1,3,2,1,3,2,1,3,2,1,3,2,1,3,2,1,3,2,1,3,2,1,3,2,1,3,2,1,3,2,1,3,2,1,3,2,1,3,2,1,3,2,1,3,2,1,3,2,1,3,2,1,3,2,1,3,2,1,3,2,1,3,2,1,3,2,1,3,2,1,3,2,1,3,2,1,3,2,1,3,2,1,3,2,1,3,2,1,3,2,1,3,2,1,3,2,1,3,2,1,3,2,1,3,2,1,3,2,1,3,2,1,3,2,1,3,2,1,3,2,1,3,2,1,3,2,1,3,2,1,3,2,1,3,2,1,3,2,1,3,2,1,3,2,1,3,2,1,3,2,1,3,2,1,3,2,1,3,2,1,3,2,1,3,2,1,3,2,1,3,2,1,3,2,1,3,2,1,3,2,1,3,2,1,3,2,1,3,2,1,3,2,1,3,2,1,3,2,1,3,2,1,3,2,1,3,2,1,3,2,1,3,2,1,3,2,1,3,2,1,3,2,1,3,2,1,3,2,1,3,2,1,3,2,1,3,2,1,3,2,1,3,2,1,3,2,1,3,2,1,3,2,1,3,2,1,3,2,1,3,2,1,3,2,1,3,2,1,3,2,1,3,2,1,3,2,1,3,2,1,3,2,1,3,2,1,3,2],"s":2048,"weight":"READin"}