{"C":1.00000000000000000000e+00,"N":79,"WCE":1.79769313486231570815e+308,"entropy":1.00000000000000044409e+00,"genvec":[1,30,18,31,33,21,4,38,5,34,27,36,13,32,35,10,6,14,8,11,28,29,19,12,39,7,23,9,25,15,37,24],"s":32,"weight":"READin"}