{"C":1.00000000000000000000e+00,"N":15073,"WCE":1.79769313486231570815e+308,"entropy":1.00000000000000000000e+00,"genvec":[1,6313,5771,4726,3305,5312,1705,2075],"s":8,"weight":"READin"}