{"C":1.00000000000000000000e+00,"N":631,"WCE":1.79769313486231570815e+308,"entropy":1.00000000000000044409e+00,"genvec":[1,234,262,228,290,151,66,269,104,308,115,72,128,148,84,136,217,130,270,25,268,183,249,221,277,304,73,291,79,195,280,29],"s":32,"weight":"READin"}