{"C":1.00000000000000000000e+00,"N":37,"WCE":1.79769313486231570815e+308,"entropy":5.21446106638783879461e-01,"genvec":[1,10,11,14,6,8,16,3,2,12,15,18,13,17,4,7,5,9,10,15,12,18,8,2,9,5,6,11,1,7,13,17,16,4,3,9,5,8,12,14,15,2,10,18,6,4,16,3,11,14,1,10,13,15,9,12,8,17,7,2,18,5,6,4,16,3,11,1,14,13,10,15,16,3,9,12,7,18,8,2,11,17,5,1,6,14,13,10,4,15,16,3,9,12,7,18,8,2,11,17,5,1,6,14,13,10,4,15,16,3,9,12,7,18,8,2,11,17,5,1,6,14,13,10,4,15,16,3,9,12,18,7,8,1,11,14,10,2,12,17,8,9,6,5,7,13,4,18,11,3,5,1,7,8,6,17,9,2,16,12,15,14,13,10,4,18,11,3,5,1,7,8,6,17,9,2,16,12,15,14,13,10,4,18,11,3,5,1,7,8,6,17,9,2,16,12,15,14,13,10,4,18,11,3,5,1,7,8,6,17,9,2,16,12,15,14,13,10,4,18,11,3,5,1,7,8,6,17,9,2,16,12,15,14,13,10,4,18,11,3,5,1,7,8,6,17,9,2,16,12,15,14,13,10,4,18],"s":256,"weight":"READin"}