{"C":1.00000000000000000000e+00,"N":673,"WCE":1.79769313486231570815e+308,"entropy":1.00000000000000066613e+00,"genvec":[1,284,264,188,276,127,81,196,258,164,231,36,217,95,244,234,125,120,55,65,235,70,232,102,335,75,270,124,259,57,199,100,295,7,247,113,197,64,84,236,330,45,229,184,175,107,325,257,167,16,194,149,44,39,241,153,106,134,320,93,326,43,52,261],"s":64,"weight":"READin"}