{"C":1.00000000000000000000e+00,"N":83,"WCE":1.79769313486231570815e+308,"entropy":8.77844313884634352974e-01,"genvec":[1,30,36,32,27,40,24,5,21,33,4,14,9,34,26,22,6,38,29,23,8,10,35,3,7,37,25,2,31,11,20,13,15,41,16,12,28,18,17,19,39,30,41,18,28,12,16,38,17,29,3,39,8,23,10,19,35,15,2,14,40,33,21,36],"s":64,"weight":"READin"}