{"C":1.00000000000000000000e+00,"N":29,"WCE":1.79769313486231570815e+308,"entropy":6.35478182469276786648e-01,"genvec":[1,12,8,9,6,14,4,13,5,7,11,2,3,10,12,14,11,2,8,6,1,5,7,3,10,4,13,9,6,7,1,8,5,11,2,3,12,14,10,4,11,13,2,5,3,14,9,12,8,1,6,11,10,4,7,13,2,5,3,14,9,12,8,1],"s":64,"weight":"READin"}