{"C":1.00000000000000000000e+00,"N":1831,"WCE":1.79769313486231570815e+308,"entropy":1.00000000000000044409e+00,"genvec":[1,672,714,270,532,316,662,761,647,745,870,773,877,294,256,280,496,822,471,86,389,393,514,747,72,376,50,880,742,863,66,52],"s":32,"weight":"READin"}