{"C":1.00000000000000000000e+00,"N":257,"WCE":1.79769313486231570815e+308,"entropy":9.97746638716454303797e-01,"genvec":[1,76,113,78,44,53,89,116,54,120,107,61,97,14,12,73,119,15,83,65,117,104,112,57,93,77,9,59,37,16,11,10,95,21,34,94,41,85,13,115,35,45,96,126,51,109,46,40,127,125,114,36,43,4,55,50,62,33,68,88,47,52,67,64,19,30,87,49,42,20,75,17,122,6,58,72,121,70,102,84,38,27,8,123,90,71,48,99,105,23,5,86,124,66,29,110,56,31,3,81,60,106,128,25,111,118,108,98,69,18,103,74,32,7,82,26,100,2,63,79,91,92,24,80,28,22,39,87],"s":128,"weight":"READin"}