{"C":1.00000000000000000000e+00,"N":607,"WCE":1.79769313486231570815e+308,"entropy":9.99999999999999777955e-01,"genvec":[1,237,219,141,248,268,273,83,290,225,217,286,40,139,164,298],"s":16,"weight":"READin"}