{"C":1.00000000000000000000e+00,"N":11,"WCE":1.79769313486231570815e+308,"entropy":3.32137738184771491579e-01,"genvec":[1,4,3,2,5,4,5,1,3,2,4,3,5,2,1,4,3,5,4,1,3,2,5,4,1,3,2,5,4,1,3,2,5,4,1,3,2,5,4,1,3,2,5,4,1,3,2,5,4,1,3,2,5,4,1,3,2,5,4,1,3,2,5,4,1,3,5,2,1,3,2,5,4,1,3,2,5,4,1,3,2,5,4,1,3,2,5,4,1,3,2,5,4,1,3,2,5,4,1,3,2,5,4,1,3,2,5,4,1,3,2,5,4,1,3,2,5,4,1,3,2,5,4,1,3,2,5,4],"s":128,"weight":"READin"}